id,nym,domain,item,rating,num_votes
0,0,spotify.com,2TYC9SaRhYypUQzB1ZVTG2,5.00,1143
1,0,spotify.com,2LTl1pU074hnzAdy0SpHAb,4.98,997
2,0,spotify.com,2FKohjPUoqcCVDGQkKAOb5,4.97,995
3,0,spotify.com,53yNzLIyBjGt7DCZLKi8Ay,4.96,985
4,0,spotify.com,2s2Ld1Xm7t88gSVvohNbPL,4.95,944
5,0,spotify.com,0H1OyEooZ5SzBYYdJEzxoy,4.94,365
6,0,spotify.com,1ZAhmC1We4HpL2VWK01qpC,4.93,651
7,0,spotify.com,6b2oQwSGFkzsMtQruIWm2p,4.92,867
8,0,spotify.com,6UxEOR3EzHo5YXzE1f12v9,4.91,691
9,0,spotify.com,1tKha6Q0lYlW1qsWYbZB2N,4.90,519
10,0,spotify.com,3mcG2NI5G5vhrQtRda1YnA,4.89,515
11,0,spotify.com,7qQfI2F80t2MZcLLVuH6M2,4.88,579
12,0,spotify.com,3YGg9SjRxud5aWsEjllwXZ,4.87,353
13,0,spotify.com,6zc7xLlx5rrEUgIuGa7DoR,4.86,562
14,0,spotify.com,46Ipw98xRZvU4VZH0DVGnh,4.85,761
15,0,spotify.com,14UFeUG8RCx1XwSuGF9Tcs,4.84,695
16,0,spotify.com,0v6Mi3f552jMW6dhYoKAbC,4.83,726
17,0,spotify.com,6JgAyU08UosClSiJ7cPv01,4.82,671
18,0,spotify.com,3t4i2ZrrPcIZLgK7VNqD36,4.81,762
19,0,spotify.com,754ItZlDygxhsbIl63dTkB,4.79,365
20,0,spotify.com,41QoUdwcmw2688WgMRLSYS,4.78,522
21,0,spotify.com,0rTZNOc6MUHU68agVQ672b,4.77,347
22,0,spotify.com,5yLKf92Yd7S5pRJRo8fl13,4.76,653
23,0,spotify.com,4QjnpnbbD12xV42ErUAvpC,4.75,477
24,0,spotify.com,2eGHyarZyRvUgFI4d3G8GN,4.74,591
25,0,spotify.com,7m9YdvqfDPenYsmUWxTjan,4.73,484
26,0,spotify.com,3rLIv187BhjyweFe89SgLn,4.72,566
27,0,spotify.com,13o0DRf89gTEHrxL31Gh09,4.71,610
28,0,spotify.com,6YAbIZPjyQ5euHxyxUgRoQ,4.70,710
29,0,spotify.com,05UGuscco306NcBvGHVQ2h,4.68,726
30,0,spotify.com,52TSjnEfXo40EzuylAhf6k,4.66,505
31,0,spotify.com,2BDqAaVKzQDnoVPZbdp68D,4.63,400
32,0,spotify.com,2MKqIFvHseB2VZgpdQdKsu,4.62,423
33,0,spotify.com,44HBcWA1jp22uKjKbwZd7Z,4.61,416
34,0,spotify.com,3KiTVEnTfi5DwiXszlDoVL,4.60,462
35,0,spotify.com,7IRtnqwBAUDuOsIlUSlQ7h,4.59,678
36,0,spotify.com,3kMrazSvILsgcwtidZd1Qd,4.58,841
37,0,spotify.com,2lwwrWVKdf3LR9lbbhnr6R,4.56,751
38,0,spotify.com,1qoXbQvJOvCpaYbPGbmmPA,4.55,590
39,0,spotify.com,3kVRKixPYEjrerKc0MZPdK,4.54,695
40,0,spotify.com,3CXZukNyVJUjLUYGA88F0a,4.53,587
41,0,spotify.com,2ffmPvnKZQqAOAEUo5Klpu,4.52,707
42,0,spotify.com,4VqPOruhp5EdPBeR92t6lQ,4.51,664
43,0,spotify.com,2qPUnoasNe4Ep43emVXEig,4.50,727
44,0,spotify.com,3seDQjtuBa11Frg02eK9RJ,4.49,448
45,0,spotify.com,2UZ6MDDg3y5fTAzQU3YYfo,4.48,458
46,0,spotify.com,4f9GGprVSQTTKHjGl5sjHo,4.47,573
47,0,spotify.com,7IdznjcKCOWhydUH02Istz,4.46,582
48,0,spotify.com,0J87xSp2QvaYf7rmR0hMEJ,4.45,412
49,0,spotify.com,3PdiRnD8aIC3ljfqMhq93B,4.44,367
50,0,spotify.com,5UsLjwBaTHBX4ektWIr4XX,4.43,401
51,0,spotify.com,3e5rEt48191MwuHWBDwOcZ,4.42,439
52,0,spotify.com,6HNruFQlzQx4ulL4ppRLYI,4.41,440
53,0,spotify.com,34mVMU0haBu1EDZdocO3d3,4.40,400
54,0,spotify.com,7AJeM7Opf2HeQR1NKjeDsq,4.39,488
55,0,spotify.com,07KHJvlYBeQVqrmifTEqEp,4.38,368
56,0,spotify.com,1U0mXbREaTeDN7alQ3D3RE,4.37,500
57,0,spotify.com,7lJcj7F7GuDye26vYSk1bM,4.36,549
58,0,spotify.com,4h2wAqBUu9jaTAdrLttSRh,4.35,599
59,0,spotify.com,39sUeHQoIGY6BEIcgTMRXW,4.34,475
60,0,spotify.com,5rb9QrpfcKFHM1EUbSIurX,4.33,375
61,0,spotify.com,5p8zAoHB5nHgxoh7tJYvl7,4.32,697
62,0,spotify.com,1ExW9geJzAZZH0xzsWvCcw,4.31,385
63,0,spotify.com,5RByQFt9Mlo8hDYJ921tCv,4.30,316
64,0,spotify.com,5IC6hMJ8twaEYLF0gMknMb,4.29,789
65,0,spotify.com,35OjTv3e5arNbGoCgfJ73Z,4.27,434
66,0,spotify.com,0WiEsOfPh1NMTcY5Ay4zyE,4.26,345
67,0,spotify.com,1FmyQsaX4olWP8OOHzVT6c,4.24,385
68,0,spotify.com,37GzFUHxA4IWlNnaXnsfdR,4.23,593
69,0,spotify.com,6Cv09gbV6mHXshhiHE1JO4,4.22,351
70,0,spotify.com,1NhPKVLsHhFUHIOZ32QnS2,4.21,1262
71,0,spotify.com,0It6VJoMAare1zdV2wxqZq,4.20,406
72,0,spotify.com,0v1XpBHnsbkCn7iJ9Ucr1l,4.19,340
73,0,spotify.com,7z2Xur2O6Dy9mh8oSauXa2,4.17,484
74,0,spotify.com,60D6xokLERFpsLMW6RwIKy,4.16,326
75,0,spotify.com,1NyFRrFiJAJIaR6icj1goI,4.15,429
76,0,spotify.com,5dKBaysNJtfpyNTRa5lqDb,4.13,465
77,0,spotify.com,2MWOqewf5j0qf2b6S5J6cS,4.12,740
78,0,spotify.com,7vB0ActOFfEECGvTklSHnJ,4.11,407
79,0,spotify.com,5EZgl8mOj4voJnnzHAjKKs,4.10,468
80,0,spotify.com,7f9e0xIl1s4O1odwkD0fpu,4.09,344
81,0,spotify.com,0InFAWpnO2z5ZcO2zJUtIH,4.08,402
82,0,spotify.com,0mWiuXuLAJ3Brin3Or2x6v,4.07,342
83,0,spotify.com,26nr9XnFCYWxBTIP7HyWXg,4.06,364
84,0,spotify.com,1Q7apbyCNuDbZbd618dLtT,4.05,574
85,0,spotify.com,3MOGQipKRxg9ZzaVl1U8B5,4.04,378
86,0,spotify.com,0NtGSJX4We9o957Bt9RLXn,4.03,293
87,0,spotify.com,0ADZ5dmXhlfzjMw6lefoPl,4.02,322
88,0,spotify.com,2RsTjad1nVUGrQmSoL1m8Y,4.00,436
89,0,spotify.com,03FlTlqfp8fNQfXrvcZFk8,3.99,336
90,0,spotify.com,1jKvrkkZxtQ7ZDiXdITOis,3.98,565
91,0,spotify.com,0w4ZwKHHEkXtvHMNUjFPdB,3.97,348
92,0,spotify.com,5nHRIKsXDwUpse9gzrAxLR,3.96,380
93,0,spotify.com,10ViidwjGLCfVtGPfdcszR,3.95,697
94,0,spotify.com,5oGvL6hJ70uNr3bMVA0iD6,3.94,362
95,0,spotify.com,27y3abN1Y0uS0YpCsDhSI8,3.93,374
96,0,spotify.com,2U7bhB1xvTrsO3v4rInXGn,3.92,499
97,0,spotify.com,0qNAiA1JEOPxcWP3KB4nsB,3.91,850
98,0,spotify.com,6kvrJTEUta8J7nYcZJZDsh,3.90,458
99,0,spotify.com,5oidljiMjeJTWUGZ4TfFea,3.89,293
100,0,spotify.com,0hRvPLwUWgaqVuUMRMzjrB,3.88,379
101,0,spotify.com,0cmmcjJiYYJnQG00bGSaT1,3.87,856
102,0,spotify.com,1I4hKktNyLOtRy8ZTxHHtn,3.85,278
103,0,spotify.com,7EYR17bHR2ZkJ8o2mKSJDU,3.83,485
104,0,spotify.com,0umOKmb2xrgD9yutQHbCXz,3.82,293
105,0,spotify.com,4QbpBv2ka7Zpbrrl5QFAgy,3.81,490
106,0,spotify.com,0PMgaQFz7F8gvbLJheLXPj,3.80,282
107,0,spotify.com,2N2yrmodOnVF10mKvItC9P,3.79,269
108,0,spotify.com,42hwjij0VmBP3ngqoTrmvl,3.78,492
109,0,spotify.com,6cMKNDMGMlLDi2F0VJ76ZU,3.77,306
110,0,spotify.com,5WPYvPKxwYOc06z5Py2x4k,3.76,403
111,0,spotify.com,1qfYG2JrchEyJiqKnkE7YQ,3.75,319
112,0,spotify.com,6wwesePnJcOcTygPjfdy3e,3.74,315
113,0,spotify.com,1CZOrmHUUjeDP7N2B4Ba6S,3.72,325
114,0,spotify.com,3v9d3mqrggioOlEqa8niBS,3.71,74
115,0,spotify.com,3hZtCzZtVULcdJkln9pm3l,3.70,256
116,0,spotify.com,5BP0oaQ1VhuaznT77CBXQp,3.69,263
117,0,spotify.com,7968fxC9GmlqTiYRXT499O,3.68,480
118,0,spotify.com,5HIEn4CY0aQ4kTZp8h2v42,3.67,231
119,0,spotify.com,2P6KbNc8moqMErji85XT2R,3.66,223
120,0,spotify.com,12UklUdz4pjK9Q4irXuT8X,3.65,232
121,0,spotify.com,7AeiEKLxELeuY343K7wJo7,3.64,516
122,0,spotify.com,4wzjNqjKAKDU82e8uMhzmr,3.63,268
123,0,spotify.com,2mxd6wnlVwLyfm03OurmED,3.62,326
124,0,spotify.com,2kbAFQ30mjhn1KulfJB7Vk,3.61,360
125,0,spotify.com,2HD5BWFthrNf2uFyEhi53d,3.59,455
126,0,spotify.com,5MzjN4pg411OErJ1U2F3bj,3.58,274
127,0,spotify.com,01BlGnXpLuC0BjgUxVYZFb,3.57,327
128,0,spotify.com,7eEXXED3AUJErvOSx9quZV,3.55,315
129,0,spotify.com,24H5KPBdSvHQMRXTp12K3J,3.54,293
130,0,spotify.com,5b6CdmdsSwlvctqpk37Vji,3.51,193
131,0,spotify.com,78DAnFAmuBbekO4LeuhRkR,3.49,216
132,0,spotify.com,0iTy5EHLi1dQwyJdg1L7Vj,3.48,186
133,0,spotify.com,1RZKRHaNFoMelRo9m5Fg3a,3.46,776
134,0,spotify.com,1CRDfNPQbtCGcqeAAgBGdW,3.45,346
135,0,spotify.com,4BVpazLjBjjLSszUABDORS,3.44,274
136,0,spotify.com,0a6H4khB7nEbTH91L0Tpdk,3.36,204
137,0,spotify.com,4lszJlGQexVkAAN50Feo8b,3.35,388
138,0,spotify.com,1uzWOoJdADfstQuFtQFTUn,3.34,183
139,0,spotify.com,56mTexepIt5poMZZ751oRk,3.33,313
140,0,spotify.com,7D50nnDRmIkn3D9xnmhCXk,3.31,142
141,0,spotify.com,5WsSGr7QfriYlbs4TaT9qK,3.28,462
142,0,spotify.com,4B6BzjDSurNtids9TU4jdE,3.27,214
143,0,spotify.com,6AUqzNnQAPVEJkZ5KVOqpR,3.26,239
144,0,spotify.com,0Fghw1Ky3HNSvj04EtPrnf,3.24,192
145,0,spotify.com,5IFEYJg1Z3sAvyTWrs27jE,3.23,1533
146,0,spotify.com,4qrdHmCfQWPkMKjkiUjzHF,3.22,1226
147,0,spotify.com,5wBB0bSW7UOPUqma2gi9TZ,3.21,375
148,0,spotify.com,2Vjiw3HXbTZ1MIvEfxlyr4,3.20,345
149,0,spotify.com,1Cwsd5xI8CajJz795oy4XF,3.19,201
150,0,spotify.com,775moiHFrYKJf6QathlMAR,3.18,358
151,0,spotify.com,7c7mi2a8VV2NWcZPWhsgCj,3.17,511
152,0,spotify.com,7jKQ0EX9Tx1SIIHtoTlVjN,3.15,272
153,0,spotify.com,5eIDkDS3SNasv55ZQ7GHN2,3.13,168
154,0,spotify.com,70HxZbVnoyrfQ4dIWgcYMm,3.08,155
155,0,spotify.com,3hsaYFaHStw2tJ47pEmYku,3.07,103
156,0,spotify.com,76eyuU9kWYDZj9ddOVaUvK,3.05,156
157,0,spotify.com,5yROQPPwCufE2zjsv4FAmv,3.04,153
158,0,spotify.com,5AiKsq5yODZxY12eykbDGV,3.03,118
159,0,spotify.com,2BOeCUehEgKBNBDW2wo6pd,3.01,188
160,10,spotify.com,6cMKNDMGMlLDi2F0VJ76ZU,5.00,96
161,10,spotify.com,0v6Mi3f552jMW6dhYoKAbC,4.99,167
162,10,spotify.com,2FKohjPUoqcCVDGQkKAOb5,4.98,253
163,10,spotify.com,46Ipw98xRZvU4VZH0DVGnh,4.97,210
164,10,spotify.com,7lJcj7F7GuDye26vYSk1bM,4.96,140
165,10,spotify.com,2TYC9SaRhYypUQzB1ZVTG2,4.95,257
166,10,spotify.com,6b2oQwSGFkzsMtQruIWm2p,4.94,250
167,10,spotify.com,2MKqIFvHseB2VZgpdQdKsu,4.93,95
168,10,spotify.com,6HNruFQlzQx4ulL4ppRLYI,4.92,109
169,10,spotify.com,0v1XpBHnsbkCn7iJ9Ucr1l,4.90,85
170,10,spotify.com,3mcG2NI5G5vhrQtRda1YnA,4.88,123
171,10,spotify.com,2lwwrWVKdf3LR9lbbhnr6R,4.87,182
172,10,spotify.com,42hwjij0VmBP3ngqoTrmvl,4.86,127
173,10,spotify.com,2LTl1pU074hnzAdy0SpHAb,4.85,231
174,10,spotify.com,6zc7xLlx5rrEUgIuGa7DoR,4.84,139
175,10,spotify.com,2s2Ld1Xm7t88gSVvohNbPL,4.83,208
176,10,spotify.com,4VQu1ooCteGDynSZYUgvT4,4.82,100
177,10,spotify.com,7vB0ActOFfEECGvTklSHnJ,4.81,101
178,10,spotify.com,6JgAyU08UosClSiJ7cPv01,4.80,155
179,10,spotify.com,0mtofD9WrPMZKcfS7AV33a,4.79,80
180,10,spotify.com,3t4i2ZrrPcIZLgK7VNqD36,4.78,169
181,10,spotify.com,2ffmPvnKZQqAOAEUo5Klpu,4.77,197
182,10,spotify.com,5BP0oaQ1VhuaznT77CBXQp,4.76,71
183,10,spotify.com,6YAbIZPjyQ5euHxyxUgRoQ,4.75,170
184,10,spotify.com,754ItZlDygxhsbIl63dTkB,4.74,96
185,10,spotify.com,1ZAhmC1We4HpL2VWK01qpC,4.73,166
186,10,spotify.com,53yNzLIyBjGt7DCZLKi8Ay,4.72,248
187,10,spotify.com,1FmyQsaX4olWP8OOHzVT6c,4.71,105
188,10,spotify.com,4VqPOruhp5EdPBeR92t6lQ,4.70,166
189,10,spotify.com,5UsLjwBaTHBX4ektWIr4XX,4.69,115
190,10,spotify.com,3kVRKixPYEjrerKc0MZPdK,4.67,181
191,10,spotify.com,7IRtnqwBAUDuOsIlUSlQ7h,4.66,185
192,10,spotify.com,5dKBaysNJtfpyNTRa5lqDb,4.65,120
193,10,spotify.com,4f9GGprVSQTTKHjGl5sjHo,4.64,143
194,10,spotify.com,1tKha6Q0lYlW1qsWYbZB2N,4.63,134
195,10,spotify.com,0rTZNOc6MUHU68agVQ672b,4.62,97
196,10,spotify.com,37GzFUHxA4IWlNnaXnsfdR,4.61,123
197,10,spotify.com,5EZgl8mOj4voJnnzHAjKKs,4.60,114
198,10,spotify.com,39sUeHQoIGY6BEIcgTMRXW,4.59,116
199,10,spotify.com,0InFAWpnO2z5ZcO2zJUtIH,4.58,123
200,10,spotify.com,5yLKf92Yd7S5pRJRo8fl13,4.55,170
201,10,spotify.com,5oidljiMjeJTWUGZ4TfFea,4.54,85
202,10,spotify.com,41QoUdwcmw2688WgMRLSYS,4.53,131
203,10,spotify.com,13o0DRf89gTEHrxL31Gh09,4.52,146
204,10,spotify.com,60D6xokLERFpsLMW6RwIKy,4.51,94
205,10,spotify.com,0umOKmb2xrgD9yutQHbCXz,4.50,73
206,10,spotify.com,4h2wAqBUu9jaTAdrLttSRh,4.49,156
207,10,spotify.com,4BVpazLjBjjLSszUABDORS,4.47,81
208,10,spotify.com,3MOGQipKRxg9ZzaVl1U8B5,4.46,111
209,10,spotify.com,14UFeUG8RCx1XwSuGF9Tcs,4.45,188
210,10,spotify.com,7m8PEWF1Qjo4BmcjEYsacr,4.44,94
211,10,spotify.com,2RsTjad1nVUGrQmSoL1m8Y,4.43,121
212,10,spotify.com,6UxEOR3EzHo5YXzE1f12v9,4.42,153
213,10,spotify.com,0J87xSp2QvaYf7rmR0hMEJ,4.41,104
214,10,spotify.com,34mVMU0haBu1EDZdocO3d3,4.39,100
215,10,spotify.com,3kMrazSvILsgcwtidZd1Qd,4.38,225
216,10,spotify.com,2mxd6wnlVwLyfm03OurmED,4.37,87
217,10,spotify.com,1Q7apbyCNuDbZbd618dLtT,4.36,151
218,10,spotify.com,5rb9QrpfcKFHM1EUbSIurX,4.35,104
219,10,spotify.com,6kvrJTEUta8J7nYcZJZDsh,4.34,123
220,10,spotify.com,0NtGSJX4We9o957Bt9RLXn,4.33,72
221,10,spotify.com,5p8zAoHB5nHgxoh7tJYvl7,4.32,203
222,10,spotify.com,6wwesePnJcOcTygPjfdy3e,4.31,89
223,10,spotify.com,1jKvrkkZxtQ7ZDiXdITOis,4.30,118
224,10,spotify.com,0hRvPLwUWgaqVuUMRMzjrB,4.29,84
225,10,spotify.com,2eGHyarZyRvUgFI4d3G8GN,4.28,145
226,10,spotify.com,0K6GsFLI8po7s9GOuid5tN,4.27,89
227,10,spotify.com,3KiTVEnTfi5DwiXszlDoVL,4.26,113
228,10,spotify.com,7cX4PJz1old9fyFI8RlfgW,4.25,80
229,10,spotify.com,35OjTv3e5arNbGoCgfJ73Z,4.24,103
230,10,spotify.com,5WPYvPKxwYOc06z5Py2x4k,4.23,123
231,10,spotify.com,3CXZukNyVJUjLUYGA88F0a,4.22,150
232,10,spotify.com,0H1OyEooZ5SzBYYdJEzxoy,4.21,107
233,10,spotify.com,2P6KbNc8moqMErji85XT2R,4.20,71
234,10,spotify.com,07KHJvlYBeQVqrmifTEqEp,4.19,96
235,10,spotify.com,3e5rEt48191MwuHWBDwOcZ,4.18,128
236,10,spotify.com,2MWOqewf5j0qf2b6S5J6cS,4.17,193
237,10,spotify.com,2qPUnoasNe4Ep43emVXEig,4.16,176
238,10,spotify.com,3rLIv187BhjyweFe89SgLn,4.15,121
239,10,spotify.com,05UGuscco306NcBvGHVQ2h,4.14,194
240,10,spotify.com,7m9YdvqfDPenYsmUWxTjan,4.13,116
241,10,spotify.com,2U7bhB1xvTrsO3v4rInXGn,4.12,123
242,10,spotify.com,4QjnpnbbD12xV42ErUAvpC,4.11,133
243,10,spotify.com,2HD5BWFthrNf2uFyEhi53d,4.10,116
244,10,spotify.com,1NhPKVLsHhFUHIOZ32QnS2,4.09,294
245,10,spotify.com,2UZ6MDDg3y5fTAzQU3YYfo,4.08,131
246,10,spotify.com,7z2Xur2O6Dy9mh8oSauXa2,4.07,129
247,10,spotify.com,52TSjnEfXo40EzuylAhf6k,4.06,123
248,10,spotify.com,7IdznjcKCOWhydUH02Istz,4.05,159
249,10,spotify.com,3seDQjtuBa11Frg02eK9RJ,4.03,117
250,10,spotify.com,1CZOrmHUUjeDP7N2B4Ba6S,4.02,80
251,10,spotify.com,7AeiEKLxELeuY343K7wJo7,4.00,132
252,10,spotify.com,7AJeM7Opf2HeQR1NKjeDsq,3.99,138
253,10,spotify.com,1U0mXbREaTeDN7alQ3D3RE,3.97,105
254,10,spotify.com,24H5KPBdSvHQMRXTp12K3J,3.96,73
255,10,spotify.com,5gTTQf7enQdpHKd0mHLHOU,3.94,66
256,10,spotify.com,6Cv09gbV6mHXshhiHE1JO4,3.93,92
257,10,spotify.com,7eEXXED3AUJErvOSx9quZV,3.92,90
258,10,spotify.com,5IC6hMJ8twaEYLF0gMknMb,3.91,177
259,10,spotify.com,44HBcWA1jp22uKjKbwZd7Z,3.90,121
260,10,spotify.com,7pgvO5U0kbkgMIz9PX62Pm,3.89,44
261,10,spotify.com,7EYR17bHR2ZkJ8o2mKSJDU,3.88,147
262,10,spotify.com,2kbAFQ30mjhn1KulfJB7Vk,3.87,80
263,10,spotify.com,18L0aBuAUkQCCvpMpqRD22,3.86,69
264,10,spotify.com,1qoXbQvJOvCpaYbPGbmmPA,3.83,136
265,10,spotify.com,1I4hKktNyLOtRy8ZTxHHtn,3.82,79
266,10,spotify.com,10ViidwjGLCfVtGPfdcszR,3.81,172
267,10,spotify.com,0It6VJoMAare1zdV2wxqZq,3.80,88
268,10,spotify.com,2Vjiw3HXbTZ1MIvEfxlyr4,3.79,95
269,10,spotify.com,5oGvL6hJ70uNr3bMVA0iD6,3.77,112
270,10,spotify.com,1NyFRrFiJAJIaR6icj1goI,3.76,110
271,10,spotify.com,4QbpBv2ka7Zpbrrl5QFAgy,3.74,121
272,10,spotify.com,7qQfI2F80t2MZcLLVuH6M2,3.72,142
273,10,spotify.com,7968fxC9GmlqTiYRXT499O,3.70,137
274,10,spotify.com,5eIDkDS3SNasv55ZQ7GHN2,3.68,59
275,10,spotify.com,0IRiQ5wUbtpt6Pgk5JxlWJ,3.67,50
276,10,spotify.com,4qrdHmCfQWPkMKjkiUjzHF,3.66,305
277,10,spotify.com,775moiHFrYKJf6QathlMAR,3.65,106
278,10,spotify.com,0cmmcjJiYYJnQG00bGSaT1,3.63,224
279,10,spotify.com,27y3abN1Y0uS0YpCsDhSI8,3.60,98
280,10,spotify.com,1Cwsd5xI8CajJz795oy4XF,3.59,53
281,10,spotify.com,0qNAiA1JEOPxcWP3KB4nsB,3.58,205
282,10,spotify.com,5IFEYJg1Z3sAvyTWrs27jE,3.57,437
283,10,spotify.com,01BlGnXpLuC0BjgUxVYZFb,3.56,78
284,10,spotify.com,7jKQ0EX9Tx1SIIHtoTlVjN,3.55,72
285,10,spotify.com,51oGCkKff1Qu4WBX8Uuaby,3.54,55
286,10,spotify.com,1qfYG2JrchEyJiqKnkE7YQ,3.53,72
287,10,spotify.com,56mTexepIt5poMZZ751oRk,3.51,64
288,10,spotify.com,1CRDfNPQbtCGcqeAAgBGdW,3.49,95
289,10,spotify.com,0Fghw1Ky3HNSvj04EtPrnf,3.48,64
290,10,spotify.com,4B6BzjDSurNtids9TU4jdE,3.47,55
291,10,spotify.com,5MzjN4pg411OErJ1U2F3bj,3.46,65
292,10,spotify.com,1dWimOlV5KUHDerWZVDv5l,3.42,79
293,10,spotify.com,3mwvKOyMmG77zZRunnxp9E,3.40,75
294,10,spotify.com,1RZKRHaNFoMelRo9m5Fg3a,3.38,202
295,10,spotify.com,46Xnj8vZFwOZCE4aZNXlTf,3.37,47
296,10,spotify.com,4lszJlGQexVkAAN50Feo8b,3.36,114
297,10,spotify.com,2hj64lOO94RRAWOWgsM4fO,3.35,42
298,10,spotify.com,7c7mi2a8VV2NWcZPWhsgCj,3.34,152
299,10,spotify.com,3hZtCzZtVULcdJkln9pm3l,3.33,63
300,10,spotify.com,2THkQauDWMvJgXFGPY4iKB,3.31,43
301,10,spotify.com,4An0hbjs1THl9cQprYrN6G,3.30,53
302,10,spotify.com,4rpCHSfzPUeOFRxh2t5TSt,3.29,43
303,10,spotify.com,7qGr3rjRhndRIpFUA5f2HJ,3.28,58
304,10,spotify.com,5b6CdmdsSwlvctqpk37Vji,3.27,55
305,10,spotify.com,5wBB0bSW7UOPUqma2gi9TZ,3.26,103
306,10,spotify.com,7GFKaNVQ2bovzkp7DG4GeA,3.23,44
307,10,spotify.com,6jPme5BwHxTlgBfhANWhBg,3.22,27
308,10,spotify.com,5WsSGr7QfriYlbs4TaT9qK,3.21,128
309,10,spotify.com,3N1FgISeNUJpFYknQSC2Gt,3.20,18
310,10,spotify.com,7D50nnDRmIkn3D9xnmhCXk,3.19,42
311,10,spotify.com,0m9RM3fm2O8Na46oeVfDPT,3.16,31
312,10,spotify.com,78DAnFAmuBbekO4LeuhRkR,3.14,56
313,10,spotify.com,4CLRLdxUDPNeO1xCW0U2zC,3.11,63
314,10,spotify.com,12UklUdz4pjK9Q4irXuT8X,3.10,60
315,10,spotify.com,3ZBSXNYdTZVaBUQI3E2rF6,3.06,35
316,10,spotify.com,5yROQPPwCufE2zjsv4FAmv,3.05,48
317,10,spotify.com,3hsaYFaHStw2tJ47pEmYku,3.04,27
318,10,spotify.com,2BOeCUehEgKBNBDW2wo6pd,3.03,52
319,10,spotify.com,0GHKDzmg8hRyFEM5wwbCtd,3.02,10
320,10,spotify.com,5xt3OoGk8PdLImcxbQjiqD,3.01,5
321,12,spotify.com,3hsaYFaHStw2tJ47pEmYku,5.00,19
322,12,spotify.com,05UGuscco306NcBvGHVQ2h,4.99,151
323,12,spotify.com,53yNzLIyBjGt7DCZLKi8Ay,4.98,224
324,12,spotify.com,3t4i2ZrrPcIZLgK7VNqD36,4.97,158
325,12,spotify.com,7qQfI2F80t2MZcLLVuH6M2,4.96,112
326,12,spotify.com,5nHRIKsXDwUpse9gzrAxLR,4.95,95
327,12,spotify.com,34mVMU0haBu1EDZdocO3d3,4.94,102
328,12,spotify.com,6wwesePnJcOcTygPjfdy3e,4.93,63
329,12,spotify.com,62jHQVg24Wxjya8UKUIOGZ,4.92,55
330,12,spotify.com,37GzFUHxA4IWlNnaXnsfdR,4.91,129
331,12,spotify.com,0J87xSp2QvaYf7rmR0hMEJ,4.90,91
332,12,spotify.com,41QoUdwcmw2688WgMRLSYS,4.89,116
333,12,spotify.com,2UZ6MDDg3y5fTAzQU3YYfo,4.88,95
334,12,spotify.com,5dKBaysNJtfpyNTRa5lqDb,4.87,107
335,12,spotify.com,52TSjnEfXo40EzuylAhf6k,4.86,132
336,12,spotify.com,2FKohjPUoqcCVDGQkKAOb5,4.85,205
337,12,spotify.com,3kVRKixPYEjrerKc0MZPdK,4.84,130
338,12,spotify.com,39sUeHQoIGY6BEIcgTMRXW,4.83,102
339,12,spotify.com,1FmyQsaX4olWP8OOHzVT6c,4.82,84
340,12,spotify.com,4QjnpnbbD12xV42ErUAvpC,4.81,127
341,12,spotify.com,754ItZlDygxhsbIl63dTkB,4.79,69
342,12,spotify.com,1qoXbQvJOvCpaYbPGbmmPA,4.78,128
343,12,spotify.com,4h2wAqBUu9jaTAdrLttSRh,4.77,124
344,12,spotify.com,6YAbIZPjyQ5euHxyxUgRoQ,4.76,145
345,12,spotify.com,46Ipw98xRZvU4VZH0DVGnh,4.75,184
346,12,spotify.com,7z2Xur2O6Dy9mh8oSauXa2,4.74,118
347,12,spotify.com,03FlTlqfp8fNQfXrvcZFk8,4.73,72
348,12,spotify.com,5BP0oaQ1VhuaznT77CBXQp,4.71,73
349,12,spotify.com,2RsTjad1nVUGrQmSoL1m8Y,4.70,107
350,12,spotify.com,6HNruFQlzQx4ulL4ppRLYI,4.69,92
351,12,spotify.com,2LTl1pU074hnzAdy0SpHAb,4.68,238
352,12,spotify.com,0v1XpBHnsbkCn7iJ9Ucr1l,4.67,73
353,12,spotify.com,6UxEOR3EzHo5YXzE1f12v9,4.66,146
354,12,spotify.com,5yLKf92Yd7S5pRJRo8fl13,4.65,144
355,12,spotify.com,44HBcWA1jp22uKjKbwZd7Z,4.64,108
356,12,spotify.com,1ZAhmC1We4HpL2VWK01qpC,4.63,155
357,12,spotify.com,2ffmPvnKZQqAOAEUo5Klpu,4.62,170
358,12,spotify.com,2TYC9SaRhYypUQzB1ZVTG2,4.61,238
359,12,spotify.com,3KiTVEnTfi5DwiXszlDoVL,4.59,103
360,12,spotify.com,3mcG2NI5G5vhrQtRda1YnA,4.58,118
361,12,spotify.com,7IRtnqwBAUDuOsIlUSlQ7h,4.57,154
362,12,spotify.com,6cMKNDMGMlLDi2F0VJ76ZU,4.55,79
363,12,spotify.com,5oidljiMjeJTWUGZ4TfFea,4.54,64
364,12,spotify.com,6b2oQwSGFkzsMtQruIWm2p,4.52,170
365,12,spotify.com,7mMlbJlXXo2mRtQ4R9sIzD,4.51,57
366,12,spotify.com,0H1OyEooZ5SzBYYdJEzxoy,4.50,80
367,12,spotify.com,5IC6hMJ8twaEYLF0gMknMb,4.49,147
368,12,spotify.com,3CXZukNyVJUjLUYGA88F0a,4.47,131
369,12,spotify.com,35OjTv3e5arNbGoCgfJ73Z,4.46,100
370,12,spotify.com,3e5rEt48191MwuHWBDwOcZ,4.45,95
371,12,spotify.com,7IdznjcKCOWhydUH02Istz,4.44,114
372,12,spotify.com,2eGHyarZyRvUgFI4d3G8GN,4.43,140
373,12,spotify.com,3PdiRnD8aIC3ljfqMhq93B,4.42,81
374,12,spotify.com,14UFeUG8RCx1XwSuGF9Tcs,4.41,135
375,12,spotify.com,1Q7apbyCNuDbZbd618dLtT,4.40,122
376,12,spotify.com,7m9YdvqfDPenYsmUWxTjan,4.39,110
377,12,spotify.com,4VQu1ooCteGDynSZYUgvT4,4.38,80
378,12,spotify.com,0v6Mi3f552jMW6dhYoKAbC,4.37,134
379,12,spotify.com,6zc7xLlx5rrEUgIuGa7DoR,4.36,132
380,12,spotify.com,0It6VJoMAare1zdV2wxqZq,4.35,92
381,12,spotify.com,3MOGQipKRxg9ZzaVl1U8B5,4.33,88
382,12,spotify.com,3seDQjtuBa11Frg02eK9RJ,4.32,108
383,12,spotify.com,1NhPKVLsHhFUHIOZ32QnS2,4.31,290
384,12,spotify.com,3kMrazSvILsgcwtidZd1Qd,4.30,186
385,12,spotify.com,6JgAyU08UosClSiJ7cPv01,4.29,154
386,12,spotify.com,2MKqIFvHseB2VZgpdQdKsu,4.28,110
387,12,spotify.com,1GcVa4jFySlun4jLSuMhiq,4.27,55
388,12,spotify.com,1tKha6Q0lYlW1qsWYbZB2N,4.26,99
389,12,spotify.com,42hwjij0VmBP3ngqoTrmvl,4.24,98
390,12,spotify.com,2lwwrWVKdf3LR9lbbhnr6R,4.23,180
391,12,spotify.com,7lJcj7F7GuDye26vYSk1bM,4.22,130
392,12,spotify.com,60D6xokLERFpsLMW6RwIKy,4.21,70
393,12,spotify.com,4f9GGprVSQTTKHjGl5sjHo,4.20,126
394,12,spotify.com,2s2Ld1Xm7t88gSVvohNbPL,4.18,197
395,12,spotify.com,07KHJvlYBeQVqrmifTEqEp,4.17,78
396,12,spotify.com,5gTTQf7enQdpHKd0mHLHOU,4.16,55
397,12,spotify.com,6kvrJTEUta8J7nYcZJZDsh,4.15,111
398,12,spotify.com,2mxd6wnlVwLyfm03OurmED,4.14,63
399,12,spotify.com,1U0mXbREaTeDN7alQ3D3RE,4.13,121
400,12,spotify.com,2kbAFQ30mjhn1KulfJB7Vk,4.12,77
401,12,spotify.com,5UsLjwBaTHBX4ektWIr4XX,4.11,108
402,12,spotify.com,5EZgl8mOj4voJnnzHAjKKs,4.10,93
403,12,spotify.com,7vB0ActOFfEECGvTklSHnJ,4.09,98
404,12,spotify.com,1NyFRrFiJAJIaR6icj1goI,4.08,74
405,12,spotify.com,5wBB0bSW7UOPUqma2gi9TZ,4.07,74
406,12,spotify.com,13o0DRf89gTEHrxL31Gh09,4.05,123
407,12,spotify.com,5HIEn4CY0aQ4kTZp8h2v42,4.03,53
408,12,spotify.com,27y3abN1Y0uS0YpCsDhSI8,4.02,77
409,12,spotify.com,2MWOqewf5j0qf2b6S5J6cS,4.00,179
410,12,spotify.com,4xkOaSrkexMciUUogZKVTS,3.99,75
411,12,spotify.com,2P6KbNc8moqMErji85XT2R,3.98,50
412,12,spotify.com,7EYR17bHR2ZkJ8o2mKSJDU,3.97,114
413,12,spotify.com,4B6BzjDSurNtids9TU4jdE,3.96,51
414,12,spotify.com,24H5KPBdSvHQMRXTp12K3J,3.95,71
415,12,spotify.com,2qPUnoasNe4Ep43emVXEig,3.94,166
416,12,spotify.com,0cmmcjJiYYJnQG00bGSaT1,3.93,175
417,12,spotify.com,7AJeM7Opf2HeQR1NKjeDsq,3.92,110
418,12,spotify.com,6AUqzNnQAPVEJkZ5KVOqpR,3.91,57
419,12,spotify.com,5p8zAoHB5nHgxoh7tJYvl7,3.90,173
420,12,spotify.com,0WiEsOfPh1NMTcY5Ay4zyE,3.89,66
421,12,spotify.com,2Gz6rTCZjXDij9Ygcx93cx,3.88,43
422,12,spotify.com,7f9e0xIl1s4O1odwkD0fpu,3.87,78
423,12,spotify.com,2BDqAaVKzQDnoVPZbdp68D,3.86,91
424,12,spotify.com,7AeiEKLxELeuY343K7wJo7,3.85,89
425,12,spotify.com,4VqPOruhp5EdPBeR92t6lQ,3.84,137
426,12,spotify.com,0hRvPLwUWgaqVuUMRMzjrB,3.83,76
427,12,spotify.com,4woTEX1wYOTGDqNXuavlRC,3.82,70
428,12,spotify.com,5WPYvPKxwYOc06z5Py2x4k,3.81,92
429,12,spotify.com,10ViidwjGLCfVtGPfdcszR,3.80,141
430,12,spotify.com,4CLRLdxUDPNeO1xCW0U2zC,3.79,45
431,12,spotify.com,5oGvL6hJ70uNr3bMVA0iD6,3.78,91
432,12,spotify.com,0InFAWpnO2z5ZcO2zJUtIH,3.77,94
433,12,spotify.com,3ycGnE0xweEg4wxPaM1uVg,3.76,29
434,12,spotify.com,1jKvrkkZxtQ7ZDiXdITOis,3.75,121
435,12,spotify.com,2U7bhB1xvTrsO3v4rInXGn,3.74,133
436,12,spotify.com,01BlGnXpLuC0BjgUxVYZFb,3.73,71
437,12,spotify.com,1HKHHuGQSMBY8WI18THXMd,3.71,33
438,12,spotify.com,5IFEYJg1Z3sAvyTWrs27jE,3.69,385
439,12,spotify.com,1Cwsd5xI8CajJz795oy4XF,3.66,50
440,12,spotify.com,4ym27Y8fHaRKwFBdgeMZkG,3.64,30
441,12,spotify.com,5b6CdmdsSwlvctqpk37Vji,3.62,60
442,12,spotify.com,0umOKmb2xrgD9yutQHbCXz,3.61,58
443,12,spotify.com,7jKQ0EX9Tx1SIIHtoTlVjN,3.60,65
444,12,spotify.com,0C2eEsMBj78CLkHNJPjohc,3.59,53
445,12,spotify.com,775moiHFrYKJf6QathlMAR,3.56,83
446,12,spotify.com,7c7mi2a8VV2NWcZPWhsgCj,3.55,99
447,12,spotify.com,4qrdHmCfQWPkMKjkiUjzHF,3.53,261
448,12,spotify.com,0iTy5EHLi1dQwyJdg1L7Vj,3.51,38
449,12,spotify.com,15Ev5G9uLhXqjBH4t16GQq,3.50,33
450,12,spotify.com,3rLIv187BhjyweFe89SgLn,3.49,108
451,12,spotify.com,4lszJlGQexVkAAN50Feo8b,3.48,94
452,12,spotify.com,12UklUdz4pjK9Q4irXuT8X,3.47,54
453,12,spotify.com,3hZtCzZtVULcdJkln9pm3l,3.46,52
454,12,spotify.com,4BVpazLjBjjLSszUABDORS,3.45,57
455,12,spotify.com,2HD5BWFthrNf2uFyEhi53d,3.43,93
456,12,spotify.com,5eIDkDS3SNasv55ZQ7GHN2,3.40,44
457,12,spotify.com,0qNAiA1JEOPxcWP3KB4nsB,3.38,166
458,12,spotify.com,7qGr3rjRhndRIpFUA5f2HJ,3.37,57
459,12,spotify.com,5MzjN4pg411OErJ1U2F3bj,3.35,58
460,12,spotify.com,7eEXXED3AUJErvOSx9quZV,3.32,70
461,12,spotify.com,6Vq6B1cZ5El0bACbioujQQ,3.31,19
462,12,spotify.com,7968fxC9GmlqTiYRXT499O,3.29,99
463,12,spotify.com,1qfYG2JrchEyJiqKnkE7YQ,3.27,68
464,12,spotify.com,1RZKRHaNFoMelRo9m5Fg3a,3.26,151
465,12,spotify.com,2BOeCUehEgKBNBDW2wo6pd,3.25,50
466,12,spotify.com,56mTexepIt5poMZZ751oRk,3.24,71
467,12,spotify.com,5WsSGr7QfriYlbs4TaT9qK,3.22,108
468,12,spotify.com,2Vjiw3HXbTZ1MIvEfxlyr4,3.21,81
469,12,spotify.com,4QbpBv2ka7Zpbrrl5QFAgy,3.20,120
470,12,spotify.com,0Fghw1Ky3HNSvj04EtPrnf,3.18,43
471,12,spotify.com,78DAnFAmuBbekO4LeuhRkR,3.15,49
472,12,spotify.com,76eyuU9kWYDZj9ddOVaUvK,3.14,32
473,12,spotify.com,7KzhCmWutdZ0dV3Aklvdyg,3.13,48
474,12,spotify.com,1CRDfNPQbtCGcqeAAgBGdW,3.11,69
475,12,spotify.com,2THkQauDWMvJgXFGPY4iKB,3.10,33
476,12,spotify.com,1uzWOoJdADfstQuFtQFTUn,3.08,46
477,12,spotify.com,3Jj9MAa0IpKfzwwTbXyRlH,3.03,28
478,12,spotify.com,4eEjl5Js5xR650w08mLOIn,3.02,5
479,14,spotify.com,1jKvrkkZxtQ7ZDiXdITOis,5.00,230
480,14,spotify.com,2FKohjPUoqcCVDGQkKAOb5,4.99,404
481,14,spotify.com,2RsTjad1nVUGrQmSoL1m8Y,4.98,197
482,14,spotify.com,5yLKf92Yd7S5pRJRo8fl13,4.97,273
483,14,spotify.com,4VQu1ooCteGDynSZYUgvT4,4.96,155
484,14,spotify.com,0v6Mi3f552jMW6dhYoKAbC,4.94,305
485,14,spotify.com,3CXZukNyVJUjLUYGA88F0a,4.93,262
486,14,spotify.com,2LTl1pU074hnzAdy0SpHAb,4.92,433
487,14,spotify.com,1ZAhmC1We4HpL2VWK01qpC,4.91,313
488,14,spotify.com,6HNruFQlzQx4ulL4ppRLYI,4.90,194
489,14,spotify.com,2TYC9SaRhYypUQzB1ZVTG2,4.89,468
490,14,spotify.com,7m9YdvqfDPenYsmUWxTjan,4.88,207
491,14,spotify.com,6b2oQwSGFkzsMtQruIWm2p,4.87,373
492,14,spotify.com,1FmyQsaX4olWP8OOHzVT6c,4.86,152
493,14,spotify.com,2ffmPvnKZQqAOAEUo5Klpu,4.85,344
494,14,spotify.com,2qPUnoasNe4Ep43emVXEig,4.84,297
495,14,spotify.com,6YAbIZPjyQ5euHxyxUgRoQ,4.83,317
496,14,spotify.com,3t4i2ZrrPcIZLgK7VNqD36,4.82,327
497,14,spotify.com,7z2Xur2O6Dy9mh8oSauXa2,4.81,211
498,14,spotify.com,4QjnpnbbD12xV42ErUAvpC,4.80,202
499,14,spotify.com,35OjTv3e5arNbGoCgfJ73Z,4.79,176
500,14,spotify.com,52TSjnEfXo40EzuylAhf6k,4.78,220
501,14,spotify.com,6zc7xLlx5rrEUgIuGa7DoR,4.77,278
502,14,spotify.com,7m8PEWF1Qjo4BmcjEYsacr,4.75,150
503,14,spotify.com,5rb9QrpfcKFHM1EUbSIurX,4.74,161
504,14,spotify.com,0J87xSp2QvaYf7rmR0hMEJ,4.73,178
505,14,spotify.com,2eGHyarZyRvUgFI4d3G8GN,4.72,254
506,14,spotify.com,2s2Ld1Xm7t88gSVvohNbPL,4.71,413
507,14,spotify.com,6cMKNDMGMlLDi2F0VJ76ZU,4.70,139
508,14,spotify.com,34mVMU0haBu1EDZdocO3d3,4.69,191
509,14,spotify.com,5UsLjwBaTHBX4ektWIr4XX,4.68,206
510,14,spotify.com,13o0DRf89gTEHrxL31Gh09,4.67,226
511,14,spotify.com,4h2wAqBUu9jaTAdrLttSRh,4.66,292
512,14,spotify.com,41QoUdwcmw2688WgMRLSYS,4.65,233
513,14,spotify.com,0rTZNOc6MUHU68agVQ672b,4.64,157
514,14,spotify.com,5EZgl8mOj4voJnnzHAjKKs,4.63,185
515,14,spotify.com,2UZ6MDDg3y5fTAzQU3YYfo,4.62,200
516,14,spotify.com,6UxEOR3EzHo5YXzE1f12v9,4.61,287
517,14,spotify.com,44HBcWA1jp22uKjKbwZd7Z,4.60,181
518,14,spotify.com,4VqPOruhp5EdPBeR92t6lQ,4.59,283
519,14,spotify.com,3PdiRnD8aIC3ljfqMhq93B,4.58,175
520,14,spotify.com,2MWOqewf5j0qf2b6S5J6cS,4.57,325
521,14,spotify.com,2BDqAaVKzQDnoVPZbdp68D,4.55,176
522,14,spotify.com,1U0mXbREaTeDN7alQ3D3RE,4.54,216
523,14,spotify.com,1tKha6Q0lYlW1qsWYbZB2N,4.53,206
524,14,spotify.com,7EYR17bHR2ZkJ8o2mKSJDU,4.52,203
525,14,spotify.com,2U7bhB1xvTrsO3v4rInXGn,4.51,208
526,14,spotify.com,39sUeHQoIGY6BEIcgTMRXW,4.50,207
527,14,spotify.com,5IC6hMJ8twaEYLF0gMknMb,4.49,347
528,14,spotify.com,2U95kukUs8xBehTAzpJP0T,4.48,126
529,14,spotify.com,3seDQjtuBa11Frg02eK9RJ,4.47,193
530,14,spotify.com,05UGuscco306NcBvGHVQ2h,4.46,316
531,14,spotify.com,14UFeUG8RCx1XwSuGF9Tcs,4.45,319
532,14,spotify.com,2MKqIFvHseB2VZgpdQdKsu,4.43,205
533,14,spotify.com,3rLIv187BhjyweFe89SgLn,4.42,238
534,14,spotify.com,53yNzLIyBjGt7DCZLKi8Ay,4.41,415
535,14,spotify.com,3kVRKixPYEjrerKc0MZPdK,4.39,288
536,14,spotify.com,7IRtnqwBAUDuOsIlUSlQ7h,4.38,290
537,14,spotify.com,3kMrazSvILsgcwtidZd1Qd,4.37,355
538,14,spotify.com,46Ipw98xRZvU4VZH0DVGnh,4.35,332
539,14,spotify.com,1Q7apbyCNuDbZbd618dLtT,4.34,241
540,14,spotify.com,6JgAyU08UosClSiJ7cPv01,4.33,323
541,14,spotify.com,1qoXbQvJOvCpaYbPGbmmPA,4.32,262
542,14,spotify.com,5p8zAoHB5nHgxoh7tJYvl7,4.31,285
543,14,spotify.com,0v1XpBHnsbkCn7iJ9Ucr1l,4.30,159
544,14,spotify.com,3mcG2NI5G5vhrQtRda1YnA,4.28,183
545,14,spotify.com,03FlTlqfp8fNQfXrvcZFk8,4.27,148
546,14,spotify.com,1NyFRrFiJAJIaR6icj1goI,4.26,178
547,14,spotify.com,6kvrJTEUta8J7nYcZJZDsh,4.25,195
548,14,spotify.com,5oGvL6hJ70uNr3bMVA0iD6,4.24,182
549,14,spotify.com,3MOGQipKRxg9ZzaVl1U8B5,4.23,153
550,14,spotify.com,7qQfI2F80t2MZcLLVuH6M2,4.22,257
551,14,spotify.com,4BVpazLjBjjLSszUABDORS,4.21,106
552,14,spotify.com,3e5rEt48191MwuHWBDwOcZ,4.20,187
553,14,spotify.com,4f9GGprVSQTTKHjGl5sjHo,4.19,256
554,14,spotify.com,60D6xokLERFpsLMW6RwIKy,4.18,149
555,14,spotify.com,7lJcj7F7GuDye26vYSk1bM,4.17,226
556,14,spotify.com,37GzFUHxA4IWlNnaXnsfdR,4.16,236
557,14,spotify.com,39tLc4Xp58Lu4KcWHggeE2,4.15,101
558,14,spotify.com,42hwjij0VmBP3ngqoTrmvl,4.14,209
559,14,spotify.com,5dKBaysNJtfpyNTRa5lqDb,4.13,204
560,14,spotify.com,27y3abN1Y0uS0YpCsDhSI8,4.12,183
561,14,spotify.com,1ExW9geJzAZZH0xzsWvCcw,4.10,172
562,14,spotify.com,07KHJvlYBeQVqrmifTEqEp,4.09,182
563,14,spotify.com,3KiTVEnTfi5DwiXszlDoVL,4.08,208
564,14,spotify.com,0w4ZwKHHEkXtvHMNUjFPdB,4.07,137
565,14,spotify.com,4YYHgF9dWyVSor0GtrBzdf,4.06,133
566,14,spotify.com,7IdznjcKCOWhydUH02Istz,4.05,281
567,14,spotify.com,7xuwc83RYbiDaTHl2yRVY5,4.04,42
568,14,spotify.com,2lwwrWVKdf3LR9lbbhnr6R,4.02,343
569,14,spotify.com,1Cwsd5xI8CajJz795oy4XF,4.01,82
570,14,spotify.com,4lszJlGQexVkAAN50Feo8b,3.99,176
571,14,spotify.com,2mxd6wnlVwLyfm03OurmED,3.97,121
572,14,spotify.com,4QbpBv2ka7Zpbrrl5QFAgy,3.96,196
573,14,spotify.com,0H1OyEooZ5SzBYYdJEzxoy,3.95,168
574,14,spotify.com,7AJeM7Opf2HeQR1NKjeDsq,3.94,232
575,14,spotify.com,0It6VJoMAare1zdV2wxqZq,3.91,163
576,14,spotify.com,0InFAWpnO2z5ZcO2zJUtIH,3.90,183
577,14,spotify.com,0umOKmb2xrgD9yutQHbCXz,3.88,144
578,14,spotify.com,0hRvPLwUWgaqVuUMRMzjrB,3.86,159
579,14,spotify.com,1NhPKVLsHhFUHIOZ32QnS2,3.85,554
580,14,spotify.com,2N2yrmodOnVF10mKvItC9P,3.84,122
581,14,spotify.com,20I8RduZC2PWMWTDCZuuAN,3.83,122
582,14,spotify.com,5gTTQf7enQdpHKd0mHLHOU,3.82,84
583,14,spotify.com,1I4hKktNyLOtRy8ZTxHHtn,3.81,111
584,14,spotify.com,5BP0oaQ1VhuaznT77CBXQp,3.80,92
585,14,spotify.com,5WPYvPKxwYOc06z5Py2x4k,3.79,182
586,14,spotify.com,24H5KPBdSvHQMRXTp12K3J,3.78,126
587,14,spotify.com,0NtGSJX4We9o957Bt9RLXn,3.76,120
588,14,spotify.com,7vB0ActOFfEECGvTklSHnJ,3.75,182
589,14,spotify.com,5MzjN4pg411OErJ1U2F3bj,3.72,96
590,14,spotify.com,4B6BzjDSurNtids9TU4jdE,3.69,81
591,14,spotify.com,0qNAiA1JEOPxcWP3KB4nsB,3.68,372
592,14,spotify.com,0PMgaQFz7F8gvbLJheLXPj,3.67,100
593,14,spotify.com,3hsaYFaHStw2tJ47pEmYku,3.66,47
594,14,spotify.com,0a6H4khB7nEbTH91L0Tpdk,3.65,95
595,14,spotify.com,6QuYC4Vcr3myWxZRJxg4NZ,3.64,104
596,14,spotify.com,10ViidwjGLCfVtGPfdcszR,3.63,276
597,14,spotify.com,2HD5BWFthrNf2uFyEhi53d,3.62,206
598,14,spotify.com,1qfYG2JrchEyJiqKnkE7YQ,3.61,107
599,14,spotify.com,0Fghw1Ky3HNSvj04EtPrnf,3.60,77
600,14,spotify.com,775moiHFrYKJf6QathlMAR,3.59,147
601,14,spotify.com,0cmmcjJiYYJnQG00bGSaT1,3.57,372
602,14,spotify.com,7968fxC9GmlqTiYRXT499O,3.53,206
603,14,spotify.com,5eIDkDS3SNasv55ZQ7GHN2,3.52,93
604,14,spotify.com,5IFEYJg1Z3sAvyTWrs27jE,3.51,689
605,14,spotify.com,01BlGnXpLuC0BjgUxVYZFb,3.50,130
606,14,spotify.com,56mTexepIt5poMZZ751oRk,3.49,140
607,14,spotify.com,7eEXXED3AUJErvOSx9quZV,3.47,130
608,14,spotify.com,1CRDfNPQbtCGcqeAAgBGdW,3.46,136
609,14,spotify.com,7jKQ0EX9Tx1SIIHtoTlVjN,3.45,112
610,14,spotify.com,7c7mi2a8VV2NWcZPWhsgCj,3.44,211
611,14,spotify.com,1RZKRHaNFoMelRo9m5Fg3a,3.40,308
612,14,spotify.com,5wBB0bSW7UOPUqma2gi9TZ,3.38,142
613,14,spotify.com,2Vjiw3HXbTZ1MIvEfxlyr4,3.36,136
614,14,spotify.com,12UklUdz4pjK9Q4irXuT8X,3.33,75
615,14,spotify.com,6wwesePnJcOcTygPjfdy3e,3.32,141
616,14,spotify.com,78DAnFAmuBbekO4LeuhRkR,3.29,101
617,14,spotify.com,2kbAFQ30mjhn1KulfJB7Vk,3.28,138
618,14,spotify.com,612bT1ABG8UEmqdKfsL6nZ,3.27,52
619,14,spotify.com,5b6CdmdsSwlvctqpk37Vji,3.26,90
620,14,spotify.com,7KzhCmWutdZ0dV3Aklvdyg,3.24,78
621,14,spotify.com,7AeiEKLxELeuY343K7wJo7,3.23,203
622,14,spotify.com,2THkQauDWMvJgXFGPY4iKB,3.20,71
623,14,spotify.com,5WsSGr7QfriYlbs4TaT9qK,3.19,211
624,14,spotify.com,2LlQb7Uoj1kKyGhlkBf9aC,3.18,78
625,14,spotify.com,4qrdHmCfQWPkMKjkiUjzHF,3.17,491
626,14,spotify.com,6pB1MSK6zXn2Hi3P2lRjgP,3.14,54
627,14,spotify.com,1uzWOoJdADfstQuFtQFTUn,3.12,78
628,14,spotify.com,0iTy5EHLi1dQwyJdg1L7Vj,3.11,73
629,14,spotify.com,3v9d3mqrggioOlEqa8niBS,3.08,44
630,14,spotify.com,0qbV4e18lWrTTxlswVoLbI,3.07,90
631,14,spotify.com,3hZtCzZtVULcdJkln9pm3l,3.06,104
632,14,spotify.com,5AiKsq5yODZxY12eykbDGV,3.04,60
633,14,spotify.com,3fWb2PiTt9MxZe4ixXjP4Y,3.02,9
634,14,spotify.com,2BOeCUehEgKBNBDW2wo6pd,3.01,75
635,1,spotify.com,2RsTjad1nVUGrQmSoL1m8Y,5.00,142
636,1,spotify.com,7m9YdvqfDPenYsmUWxTjan,4.99,139
637,1,spotify.com,03FlTlqfp8fNQfXrvcZFk8,4.98,104
638,1,spotify.com,6YAbIZPjyQ5euHxyxUgRoQ,4.97,243
639,1,spotify.com,3mcG2NI5G5vhrQtRda1YnA,4.96,165
640,1,spotify.com,2LTl1pU074hnzAdy0SpHAb,4.95,304
641,1,spotify.com,2lwwrWVKdf3LR9lbbhnr6R,4.94,227
642,1,spotify.com,4h2wAqBUu9jaTAdrLttSRh,4.93,184
643,1,spotify.com,39sUeHQoIGY6BEIcgTMRXW,4.92,159
644,1,spotify.com,60D6xokLERFpsLMW6RwIKy,4.90,110
645,1,spotify.com,6HNruFQlzQx4ulL4ppRLYI,4.89,135
646,1,spotify.com,53yNzLIyBjGt7DCZLKi8Ay,4.88,310
647,1,spotify.com,4f9GGprVSQTTKHjGl5sjHo,4.87,182
648,1,spotify.com,7qQfI2F80t2MZcLLVuH6M2,4.86,191
649,1,spotify.com,1ZAhmC1We4HpL2VWK01qpC,4.85,225
650,1,spotify.com,14UFeUG8RCx1XwSuGF9Tcs,4.84,234
651,1,spotify.com,3t4i2ZrrPcIZLgK7VNqD36,4.83,235
652,1,spotify.com,6zc7xLlx5rrEUgIuGa7DoR,4.82,208
653,1,spotify.com,7m8PEWF1Qjo4BmcjEYsacr,4.81,99
654,1,spotify.com,0It6VJoMAare1zdV2wxqZq,4.80,119
655,1,spotify.com,6JgAyU08UosClSiJ7cPv01,4.79,228
656,1,spotify.com,10ViidwjGLCfVtGPfdcszR,4.78,233
657,1,spotify.com,37GzFUHxA4IWlNnaXnsfdR,4.77,189
658,1,spotify.com,7f9e0xIl1s4O1odwkD0fpu,4.75,107
659,1,spotify.com,5yLKf92Yd7S5pRJRo8fl13,4.74,208
660,1,spotify.com,5rb9QrpfcKFHM1EUbSIurX,4.73,130
661,1,spotify.com,44HBcWA1jp22uKjKbwZd7Z,4.72,136
662,1,spotify.com,0815caqt2Lytro5EIzMufT,4.71,86
663,1,spotify.com,1tKha6Q0lYlW1qsWYbZB2N,4.70,136
664,1,spotify.com,2FKohjPUoqcCVDGQkKAOb5,4.69,279
665,1,spotify.com,2UZ6MDDg3y5fTAzQU3YYfo,4.68,149
666,1,spotify.com,7vB0ActOFfEECGvTklSHnJ,4.67,144
667,1,spotify.com,5oGvL6hJ70uNr3bMVA0iD6,4.66,103
668,1,spotify.com,0umOKmb2xrgD9yutQHbCXz,4.64,101
669,1,spotify.com,3kVRKixPYEjrerKc0MZPdK,4.62,211
670,1,spotify.com,05UGuscco306NcBvGHVQ2h,4.60,242
671,1,spotify.com,41QoUdwcmw2688WgMRLSYS,4.59,145
672,1,spotify.com,6UxEOR3EzHo5YXzE1f12v9,4.58,218
673,1,spotify.com,6b2oQwSGFkzsMtQruIWm2p,4.57,289
674,1,spotify.com,4VqPOruhp5EdPBeR92t6lQ,4.56,195
675,1,spotify.com,3kMrazSvILsgcwtidZd1Qd,4.55,271
676,1,spotify.com,1NyFRrFiJAJIaR6icj1goI,4.54,116
677,1,spotify.com,6Cv09gbV6mHXshhiHE1JO4,4.53,117
678,1,spotify.com,3CXZukNyVJUjLUYGA88F0a,4.52,214
679,1,spotify.com,0WiEsOfPh1NMTcY5Ay4zyE,4.51,97
680,1,spotify.com,5IC6hMJ8twaEYLF0gMknMb,4.49,220
681,1,spotify.com,5EZgl8mOj4voJnnzHAjKKs,4.47,145
682,1,spotify.com,4QjnpnbbD12xV42ErUAvpC,4.46,136
683,1,spotify.com,3YGg9SjRxud5aWsEjllwXZ,4.45,101
684,1,spotify.com,2TYC9SaRhYypUQzB1ZVTG2,4.44,348
685,1,spotify.com,5dKBaysNJtfpyNTRa5lqDb,4.43,164
686,1,spotify.com,3MOGQipKRxg9ZzaVl1U8B5,4.42,130
687,1,spotify.com,1NhPKVLsHhFUHIOZ32QnS2,4.41,398
688,1,spotify.com,5oidljiMjeJTWUGZ4TfFea,4.40,93
689,1,spotify.com,2ffmPvnKZQqAOAEUo5Klpu,4.39,249
690,1,spotify.com,2MKqIFvHseB2VZgpdQdKsu,4.37,135
691,1,spotify.com,3seDQjtuBa11Frg02eK9RJ,4.36,157
692,1,spotify.com,754ItZlDygxhsbIl63dTkB,4.35,92
693,1,spotify.com,2s2Ld1Xm7t88gSVvohNbPL,4.34,282
694,1,spotify.com,5nHRIKsXDwUpse9gzrAxLR,4.33,135
695,1,spotify.com,0v6Mi3f552jMW6dhYoKAbC,4.32,228
696,1,spotify.com,0mWiuXuLAJ3Brin3Or2x6v,4.31,108
697,1,spotify.com,3KiTVEnTfi5DwiXszlDoVL,4.30,138
698,1,spotify.com,2eGHyarZyRvUgFI4d3G8GN,4.29,183
699,1,spotify.com,0H1OyEooZ5SzBYYdJEzxoy,4.28,133
700,1,spotify.com,0v1XpBHnsbkCn7iJ9Ucr1l,4.27,114
701,1,spotify.com,5wBB0bSW7UOPUqma2gi9TZ,4.26,121
702,1,spotify.com,7z2Xur2O6Dy9mh8oSauXa2,4.25,165
703,1,spotify.com,35OjTv3e5arNbGoCgfJ73Z,4.24,125
704,1,spotify.com,6dpIxqrlAzqXE9fNobR4N8,4.23,107
705,1,spotify.com,0ADZ5dmXhlfzjMw6lefoPl,4.22,102
706,1,spotify.com,52TSjnEfXo40EzuylAhf6k,4.20,171
707,1,spotify.com,5BP0oaQ1VhuaznT77CBXQp,4.19,84
708,1,spotify.com,2qPUnoasNe4Ep43emVXEig,4.18,258
709,1,spotify.com,0NtGSJX4We9o957Bt9RLXn,4.17,107
710,1,spotify.com,7IdznjcKCOWhydUH02Istz,4.16,198
711,1,spotify.com,3e5rEt48191MwuHWBDwOcZ,4.15,140
712,1,spotify.com,1jKvrkkZxtQ7ZDiXdITOis,4.14,175
713,1,spotify.com,5MzjN4pg411OErJ1U2F3bj,4.13,75
714,1,spotify.com,46Ipw98xRZvU4VZH0DVGnh,4.12,239
715,1,spotify.com,1Q7apbyCNuDbZbd618dLtT,4.11,175
716,1,spotify.com,2P6KbNc8moqMErji85XT2R,4.10,75
717,1,spotify.com,5UsLjwBaTHBX4ektWIr4XX,4.09,150
718,1,spotify.com,26nr9XnFCYWxBTIP7HyWXg,4.07,132
719,1,spotify.com,6wwesePnJcOcTygPjfdy3e,4.06,115
720,1,spotify.com,1U0mXbREaTeDN7alQ3D3RE,4.05,138
721,1,spotify.com,1qoXbQvJOvCpaYbPGbmmPA,4.04,188
722,1,spotify.com,1FmyQsaX4olWP8OOHzVT6c,4.03,100
723,1,spotify.com,7IRtnqwBAUDuOsIlUSlQ7h,4.02,241
724,1,spotify.com,5p8zAoHB5nHgxoh7tJYvl7,4.01,239
725,1,spotify.com,0J87xSp2QvaYf7rmR0hMEJ,4.00,134
726,1,spotify.com,3rLIv187BhjyweFe89SgLn,3.99,176
727,1,spotify.com,13o0DRf89gTEHrxL31Gh09,3.97,204
728,1,spotify.com,0InFAWpnO2z5ZcO2zJUtIH,3.96,124
729,1,spotify.com,4QbpBv2ka7Zpbrrl5QFAgy,3.95,159
730,1,spotify.com,24H5KPBdSvHQMRXTp12K3J,3.94,77
731,1,spotify.com,4VQu1ooCteGDynSZYUgvT4,3.93,103
732,1,spotify.com,0CehhYiGQygs2ZWIZ8NLhc,3.92,89
733,1,spotify.com,42hwjij0VmBP3ngqoTrmvl,3.91,169
734,1,spotify.com,79z9QkhHePTFsSeVw9uyj0,3.90,77
735,1,spotify.com,1Cwsd5xI8CajJz795oy4XF,3.89,65
736,1,spotify.com,0mtofD9WrPMZKcfS7AV33a,3.88,87
737,1,spotify.com,7mMlbJlXXo2mRtQ4R9sIzD,3.87,85
738,1,spotify.com,0C2eEsMBj78CLkHNJPjohc,3.86,75
739,1,spotify.com,2BOeCUehEgKBNBDW2wo6pd,3.84,67
740,1,spotify.com,2BDqAaVKzQDnoVPZbdp68D,3.83,125
741,1,spotify.com,6cMKNDMGMlLDi2F0VJ76ZU,3.82,97
742,1,spotify.com,6kvrJTEUta8J7nYcZJZDsh,3.81,155
743,1,spotify.com,2HD5BWFthrNf2uFyEhi53d,3.80,126
744,1,spotify.com,0qNAiA1JEOPxcWP3KB4nsB,3.79,273
745,1,spotify.com,7AJeM7Opf2HeQR1NKjeDsq,3.78,173
746,1,spotify.com,2kbAFQ30mjhn1KulfJB7Vk,3.77,95
747,1,spotify.com,2MWOqewf5j0qf2b6S5J6cS,3.76,250
748,1,spotify.com,4lszJlGQexVkAAN50Feo8b,3.75,125
749,1,spotify.com,0cmmcjJiYYJnQG00bGSaT1,3.74,271
750,1,spotify.com,0a6H4khB7nEbTH91L0Tpdk,3.71,81
751,1,spotify.com,5WPYvPKxwYOc06z5Py2x4k,3.70,124
752,1,spotify.com,1CRDfNPQbtCGcqeAAgBGdW,3.69,91
753,1,spotify.com,0hRvPLwUWgaqVuUMRMzjrB,3.67,135
754,1,spotify.com,7EYR17bHR2ZkJ8o2mKSJDU,3.66,169
755,1,spotify.com,01BlGnXpLuC0BjgUxVYZFb,3.64,83
756,1,spotify.com,07KHJvlYBeQVqrmifTEqEp,3.62,111
757,1,spotify.com,7lJcj7F7GuDye26vYSk1bM,3.61,168
758,1,spotify.com,2N2yrmodOnVF10mKvItC9P,3.60,74
759,1,spotify.com,2U7bhB1xvTrsO3v4rInXGn,3.59,159
760,1,spotify.com,12UklUdz4pjK9Q4irXuT8X,3.58,69
761,1,spotify.com,5b6CdmdsSwlvctqpk37Vji,3.55,59
762,1,spotify.com,1qfYG2JrchEyJiqKnkE7YQ,3.54,73
763,1,spotify.com,51oGCkKff1Qu4WBX8Uuaby,3.50,40
764,1,spotify.com,7F8JbSCPBXm3IxMx2UMMhH,3.49,92
765,1,spotify.com,775moiHFrYKJf6QathlMAR,3.48,96
766,1,spotify.com,6AUqzNnQAPVEJkZ5KVOqpR,3.47,76
767,1,spotify.com,4BVpazLjBjjLSszUABDORS,3.45,97
768,1,spotify.com,1ExW9geJzAZZH0xzsWvCcw,3.44,119
769,1,spotify.com,56mTexepIt5poMZZ751oRk,3.43,101
770,1,spotify.com,1RZKRHaNFoMelRo9m5Fg3a,3.41,233
771,1,spotify.com,7eEXXED3AUJErvOSx9quZV,3.40,97
772,1,spotify.com,3IQSYqnKsCTMLWn2xE3HFT,3.39,92
773,1,spotify.com,7c7mi2a8VV2NWcZPWhsgCj,3.37,177
774,1,spotify.com,27y3abN1Y0uS0YpCsDhSI8,3.36,128
775,1,spotify.com,2mxd6wnlVwLyfm03OurmED,3.35,71
776,1,spotify.com,4B6BzjDSurNtids9TU4jdE,3.33,79
777,1,spotify.com,2Vjiw3HXbTZ1MIvEfxlyr4,3.32,111
778,1,spotify.com,7AeiEKLxELeuY343K7wJo7,3.29,157
779,1,spotify.com,5IFEYJg1Z3sAvyTWrs27jE,3.26,532
780,1,spotify.com,4FXQEnR9uRWot8SlMP9Ocw,3.24,46
781,1,spotify.com,6SiF1H8OyrmDB3hpCjGtPe,3.23,51
782,1,spotify.com,5HIEn4CY0aQ4kTZp8h2v42,3.21,60
783,1,spotify.com,1uzWOoJdADfstQuFtQFTUn,3.20,51
784,1,spotify.com,4CLRLdxUDPNeO1xCW0U2zC,3.19,60
785,1,spotify.com,2AZmlhK1ssultfpYk3EIEH,3.18,73
786,1,spotify.com,5WsSGr7QfriYlbs4TaT9qK,3.17,159
787,1,spotify.com,3hZtCzZtVULcdJkln9pm3l,3.16,86
788,1,spotify.com,4qrdHmCfQWPkMKjkiUjzHF,3.15,403
789,1,spotify.com,7968fxC9GmlqTiYRXT499O,3.14,132
790,1,spotify.com,7jKQ0EX9Tx1SIIHtoTlVjN,3.11,88
791,1,spotify.com,0Fghw1Ky3HNSvj04EtPrnf,3.09,58
792,1,spotify.com,4An0hbjs1THl9cQprYrN6G,3.08,61
793,1,spotify.com,0qbV4e18lWrTTxlswVoLbI,3.07,50
794,1,spotify.com,1HUXu0hT1CBl5AspQYOOdk,3.06,25
795,2,spotify.com,6UxEOR3EzHo5YXzE1f12v9,5.00,246
796,2,spotify.com,3kVRKixPYEjrerKc0MZPdK,4.99,239
797,2,spotify.com,34mVMU0haBu1EDZdocO3d3,4.98,140
798,2,spotify.com,7m9YdvqfDPenYsmUWxTjan,4.97,182
799,2,spotify.com,6JgAyU08UosClSiJ7cPv01,4.95,245
800,2,spotify.com,46Ipw98xRZvU4VZH0DVGnh,4.94,272
801,2,spotify.com,1FmyQsaX4olWP8OOHzVT6c,4.93,140
802,2,spotify.com,4f9GGprVSQTTKHjGl5sjHo,4.91,201
803,2,spotify.com,60D6xokLERFpsLMW6RwIKy,4.90,126
804,2,spotify.com,1U0mXbREaTeDN7alQ3D3RE,4.89,165
805,2,spotify.com,6YAbIZPjyQ5euHxyxUgRoQ,4.88,250
806,2,spotify.com,7IdznjcKCOWhydUH02Istz,4.87,196
807,2,spotify.com,0v6Mi3f552jMW6dhYoKAbC,4.86,250
808,2,spotify.com,6HNruFQlzQx4ulL4ppRLYI,4.85,158
809,2,spotify.com,6zc7xLlx5rrEUgIuGa7DoR,4.84,212
810,2,spotify.com,6Cv09gbV6mHXshhiHE1JO4,4.83,122
811,2,spotify.com,5oGvL6hJ70uNr3bMVA0iD6,4.82,131
812,2,spotify.com,2FKohjPUoqcCVDGQkKAOb5,4.81,338
813,2,spotify.com,53yNzLIyBjGt7DCZLKi8Ay,4.80,359
814,2,spotify.com,41QoUdwcmw2688WgMRLSYS,4.79,178
815,2,spotify.com,3t4i2ZrrPcIZLgK7VNqD36,4.78,262
816,2,spotify.com,05UGuscco306NcBvGHVQ2h,4.77,263
817,2,spotify.com,2LTl1pU074hnzAdy0SpHAb,4.76,354
818,2,spotify.com,6cMKNDMGMlLDi2F0VJ76ZU,4.75,115
819,2,spotify.com,7lJcj7F7GuDye26vYSk1bM,4.74,201
820,2,spotify.com,2ffmPvnKZQqAOAEUo5Klpu,4.73,267
821,2,spotify.com,1I4hKktNyLOtRy8ZTxHHtn,4.72,99
822,2,spotify.com,3KiTVEnTfi5DwiXszlDoVL,4.71,153
823,2,spotify.com,0H1OyEooZ5SzBYYdJEzxoy,4.69,133
824,2,spotify.com,2BDqAaVKzQDnoVPZbdp68D,4.67,149
825,2,spotify.com,7vB0ActOFfEECGvTklSHnJ,4.65,135
826,2,spotify.com,5p8zAoHB5nHgxoh7tJYvl7,4.63,248
827,2,spotify.com,4VqPOruhp5EdPBeR92t6lQ,4.61,237
828,2,spotify.com,2s2Ld1Xm7t88gSVvohNbPL,4.60,337
829,2,spotify.com,2MKqIFvHseB2VZgpdQdKsu,4.59,156
830,2,spotify.com,7qQfI2F80t2MZcLLVuH6M2,4.58,192
831,2,spotify.com,14UFeUG8RCx1XwSuGF9Tcs,4.57,255
832,2,spotify.com,1CZOrmHUUjeDP7N2B4Ba6S,4.56,117
833,2,spotify.com,39sUeHQoIGY6BEIcgTMRXW,4.55,164
834,2,spotify.com,2lwwrWVKdf3LR9lbbhnr6R,4.54,258
835,2,spotify.com,5dKBaysNJtfpyNTRa5lqDb,4.53,155
836,2,spotify.com,3kMrazSvILsgcwtidZd1Qd,4.52,302
837,2,spotify.com,5UsLjwBaTHBX4ektWIr4XX,4.51,161
838,2,spotify.com,0NtGSJX4We9o957Bt9RLXn,4.50,125
839,2,spotify.com,13o0DRf89gTEHrxL31Gh09,4.49,189
840,2,spotify.com,5yLKf92Yd7S5pRJRo8fl13,4.48,218
841,2,spotify.com,7m8PEWF1Qjo4BmcjEYsacr,4.46,137
842,2,spotify.com,27y3abN1Y0uS0YpCsDhSI8,4.44,135
843,2,spotify.com,2TYC9SaRhYypUQzB1ZVTG2,4.43,374
844,2,spotify.com,7z2Xur2O6Dy9mh8oSauXa2,4.42,151
845,2,spotify.com,2RsTjad1nVUGrQmSoL1m8Y,4.41,150
846,2,spotify.com,6b2oQwSGFkzsMtQruIWm2p,4.40,324
847,2,spotify.com,5rb9QrpfcKFHM1EUbSIurX,4.39,147
848,2,spotify.com,5IC6hMJ8twaEYLF0gMknMb,4.38,275
849,2,spotify.com,4QjnpnbbD12xV42ErUAvpC,4.37,181
850,2,spotify.com,0InFAWpnO2z5ZcO2zJUtIH,4.36,156
851,2,spotify.com,37GzFUHxA4IWlNnaXnsfdR,4.35,172
852,2,spotify.com,3MOGQipKRxg9ZzaVl1U8B5,4.34,129
853,2,spotify.com,4h2wAqBUu9jaTAdrLttSRh,4.33,230
854,2,spotify.com,1ExW9geJzAZZH0xzsWvCcw,4.32,146
855,2,spotify.com,3rLIv187BhjyweFe89SgLn,4.31,206
856,2,spotify.com,0v1XpBHnsbkCn7iJ9Ucr1l,4.30,136
857,2,spotify.com,0J87xSp2QvaYf7rmR0hMEJ,4.29,141
858,2,spotify.com,2UZ6MDDg3y5fTAzQU3YYfo,4.28,171
859,2,spotify.com,35OjTv3e5arNbGoCgfJ73Z,4.27,154
860,2,spotify.com,1tKha6Q0lYlW1qsWYbZB2N,4.26,172
861,2,spotify.com,42hwjij0VmBP3ngqoTrmvl,4.25,183
862,2,spotify.com,2qPUnoasNe4Ep43emVXEig,4.24,259
863,2,spotify.com,1ZAhmC1We4HpL2VWK01qpC,4.23,246
864,2,spotify.com,0hRvPLwUWgaqVuUMRMzjrB,4.22,142
865,2,spotify.com,4VQu1ooCteGDynSZYUgvT4,4.21,130
866,2,spotify.com,1qoXbQvJOvCpaYbPGbmmPA,4.20,206
867,2,spotify.com,01BlGnXpLuC0BjgUxVYZFb,4.19,110
868,2,spotify.com,5WPYvPKxwYOc06z5Py2x4k,4.18,121
869,2,spotify.com,2U7bhB1xvTrsO3v4rInXGn,4.17,177
870,2,spotify.com,3CXZukNyVJUjLUYGA88F0a,4.16,188
871,2,spotify.com,2eGHyarZyRvUgFI4d3G8GN,4.15,192
872,2,spotify.com,0qNAiA1JEOPxcWP3KB4nsB,4.13,270
873,2,spotify.com,2N2yrmodOnVF10mKvItC9P,4.12,111
874,2,spotify.com,2MWOqewf5j0qf2b6S5J6cS,4.11,248
875,2,spotify.com,7EYR17bHR2ZkJ8o2mKSJDU,4.10,181
876,2,spotify.com,1NhPKVLsHhFUHIOZ32QnS2,4.08,453
877,2,spotify.com,5EZgl8mOj4voJnnzHAjKKs,4.07,157
878,2,spotify.com,5oidljiMjeJTWUGZ4TfFea,4.06,110
879,2,spotify.com,3seDQjtuBa11Frg02eK9RJ,4.05,159
880,2,spotify.com,7AJeM7Opf2HeQR1NKjeDsq,4.04,176
881,2,spotify.com,0It6VJoMAare1zdV2wxqZq,4.03,130
882,2,spotify.com,1Q7apbyCNuDbZbd618dLtT,4.02,168
883,2,spotify.com,52TSjnEfXo40EzuylAhf6k,4.01,172
884,2,spotify.com,5TPQ8OjeTBLztJEHhJ5RLe,4.00,82
885,2,spotify.com,5nHRIKsXDwUpse9gzrAxLR,3.99,133
886,2,spotify.com,3mcG2NI5G5vhrQtRda1YnA,3.98,209
887,2,spotify.com,6dpIxqrlAzqXE9fNobR4N8,3.97,110
888,2,spotify.com,07KHJvlYBeQVqrmifTEqEp,3.96,162
889,2,spotify.com,6kvrJTEUta8J7nYcZJZDsh,3.95,165
890,2,spotify.com,7f9e0xIl1s4O1odwkD0fpu,3.93,123
891,2,spotify.com,1jKvrkkZxtQ7ZDiXdITOis,3.92,210
892,2,spotify.com,0umOKmb2xrgD9yutQHbCXz,3.91,108
893,2,spotify.com,0Fghw1Ky3HNSvj04EtPrnf,3.90,75
894,2,spotify.com,3e5rEt48191MwuHWBDwOcZ,3.89,161
895,2,spotify.com,1NyFRrFiJAJIaR6icj1goI,3.87,152
896,2,spotify.com,775moiHFrYKJf6QathlMAR,3.86,150
897,2,spotify.com,0cmmcjJiYYJnQG00bGSaT1,3.84,304
898,2,spotify.com,56mTexepIt5poMZZ751oRk,3.83,105
899,2,spotify.com,2THkQauDWMvJgXFGPY4iKB,3.81,59
900,2,spotify.com,7IRtnqwBAUDuOsIlUSlQ7h,3.80,250
901,2,spotify.com,4CLRLdxUDPNeO1xCW0U2zC,3.78,78
902,2,spotify.com,5BP0oaQ1VhuaznT77CBXQp,3.77,87
903,2,spotify.com,4qrdHmCfQWPkMKjkiUjzHF,3.76,426
904,2,spotify.com,1CRDfNPQbtCGcqeAAgBGdW,3.75,111
905,2,spotify.com,1N1vNR8C8SfY0UoyhVXeWm,3.74,61
906,2,spotify.com,10ViidwjGLCfVtGPfdcszR,3.70,235
907,2,spotify.com,4QbpBv2ka7Zpbrrl5QFAgy,3.68,168
908,2,spotify.com,1EwWw3c281sqKDh1OHENK6,3.67,89
909,2,spotify.com,12UklUdz4pjK9Q4irXuT8X,3.66,84
910,2,spotify.com,3U6XhQsfdx82SXfqGXaDo4,3.64,85
911,2,spotify.com,2HD5BWFthrNf2uFyEhi53d,3.63,173
912,2,spotify.com,4BVpazLjBjjLSszUABDORS,3.62,96
913,2,spotify.com,24H5KPBdSvHQMRXTp12K3J,3.61,99
914,2,spotify.com,7c7mi2a8VV2NWcZPWhsgCj,3.60,186
915,2,spotify.com,0FEVHpFTuSJUY59YQjZm2G,3.58,53
916,2,spotify.com,7eEXXED3AUJErvOSx9quZV,3.57,122
917,2,spotify.com,5WsSGr7QfriYlbs4TaT9qK,3.56,155
918,2,spotify.com,5IFEYJg1Z3sAvyTWrs27jE,3.55,603
919,2,spotify.com,6wwesePnJcOcTygPjfdy3e,3.52,109
920,2,spotify.com,7968fxC9GmlqTiYRXT499O,3.51,156
921,2,spotify.com,3mwvKOyMmG77zZRunnxp9E,3.49,95
922,2,spotify.com,5HIEn4CY0aQ4kTZp8h2v42,3.47,71
923,2,spotify.com,4B6BzjDSurNtids9TU4jdE,3.46,81
924,2,spotify.com,2mxd6wnlVwLyfm03OurmED,3.44,88
925,2,spotify.com,7AeiEKLxELeuY343K7wJo7,3.43,167
926,2,spotify.com,0a6H4khB7nEbTH91L0Tpdk,3.42,86
927,2,spotify.com,3hZtCzZtVULcdJkln9pm3l,3.41,98
928,2,spotify.com,1RZKRHaNFoMelRo9m5Fg3a,3.39,275
929,2,spotify.com,0iTy5EHLi1dQwyJdg1L7Vj,3.36,80
930,2,spotify.com,4lszJlGQexVkAAN50Feo8b,3.34,152
931,2,spotify.com,2P6KbNc8moqMErji85XT2R,3.32,61
932,2,spotify.com,2kbAFQ30mjhn1KulfJB7Vk,3.29,126
933,2,spotify.com,2UEB2ojL3ldVlt4I6BJYNI,3.27,66
934,2,spotify.com,5MzjN4pg411OErJ1U2F3bj,3.25,110
935,2,spotify.com,7jKQ0EX9Tx1SIIHtoTlVjN,3.23,101
936,2,spotify.com,70HxZbVnoyrfQ4dIWgcYMm,3.22,54
937,2,spotify.com,5wBB0bSW7UOPUqma2gi9TZ,3.21,117
938,2,spotify.com,2Vjiw3HXbTZ1MIvEfxlyr4,3.20,134
939,2,spotify.com,3ZBSXNYdTZVaBUQI3E2rF6,3.13,52
940,2,spotify.com,5yROQPPwCufE2zjsv4FAmv,3.10,59
941,2,spotify.com,6jPme5BwHxTlgBfhANWhBg,3.09,38
942,2,spotify.com,0lbcZq4CItnajRmqwnCq16,3.08,37
943,2,spotify.com,4KoecuyOpZaNFZ0UqVsllc,3.07,31
944,2,spotify.com,5eIDkDS3SNasv55ZQ7GHN2,3.06,67
945,2,spotify.com,2BOeCUehEgKBNBDW2wo6pd,3.04,62
946,2,spotify.com,1mBmd558ZnPKZx7Xk51oEa,3.03,50
947,2,spotify.com,78DAnFAmuBbekO4LeuhRkR,3.02,68
948,2,spotify.com,4Ctip22TNL8OzWy3MozIYp,3.01,6
949,3,spotify.com,6cMKNDMGMlLDi2F0VJ76ZU,5.00,26
950,3,spotify.com,4VqPOruhp5EdPBeR92t6lQ,4.98,62
951,3,spotify.com,05UGuscco306NcBvGHVQ2h,4.97,75
952,3,spotify.com,5PA8Hmk8Iah53tMzxxrznn,4.96,10
953,3,spotify.com,3kVRKixPYEjrerKc0MZPdK,4.95,73
954,3,spotify.com,2TYC9SaRhYypUQzB1ZVTG2,4.94,119
955,3,spotify.com,41QoUdwcmw2688WgMRLSYS,4.93,53
956,3,spotify.com,0v1XpBHnsbkCn7iJ9Ucr1l,4.92,44
957,3,spotify.com,14UFeUG8RCx1XwSuGF9Tcs,4.91,76
958,3,spotify.com,5dKBaysNJtfpyNTRa5lqDb,4.88,57
959,3,spotify.com,52TSjnEfXo40EzuylAhf6k,4.87,58
960,3,spotify.com,1qoXbQvJOvCpaYbPGbmmPA,4.86,82
961,3,spotify.com,6b2oQwSGFkzsMtQruIWm2p,4.85,96
962,3,spotify.com,3rLIv187BhjyweFe89SgLn,4.84,51
963,3,spotify.com,4f9GGprVSQTTKHjGl5sjHo,4.83,36
964,3,spotify.com,6HNruFQlzQx4ulL4ppRLYI,4.82,48
965,3,spotify.com,3CXZukNyVJUjLUYGA88F0a,4.80,68
966,3,spotify.com,5oGvL6hJ70uNr3bMVA0iD6,4.79,40
967,3,spotify.com,3e5rEt48191MwuHWBDwOcZ,4.78,41
968,3,spotify.com,1ExW9geJzAZZH0xzsWvCcw,4.77,40
969,3,spotify.com,1U0mXbREaTeDN7alQ3D3RE,4.76,39
970,3,spotify.com,0mWiuXuLAJ3Brin3Or2x6v,4.75,37
971,3,spotify.com,0qNAiA1JEOPxcWP3KB4nsB,4.74,89
972,3,spotify.com,0InFAWpnO2z5ZcO2zJUtIH,4.73,46
973,3,spotify.com,2qPUnoasNe4Ep43emVXEig,4.71,81
974,3,spotify.com,39sUeHQoIGY6BEIcgTMRXW,4.70,47
975,3,spotify.com,1NyFRrFiJAJIaR6icj1goI,4.69,33
976,3,spotify.com,0H1OyEooZ5SzBYYdJEzxoy,4.66,35
977,3,spotify.com,7m9YdvqfDPenYsmUWxTjan,4.65,53
978,3,spotify.com,5IC6hMJ8twaEYLF0gMknMb,4.64,82
979,3,spotify.com,3kMrazSvILsgcwtidZd1Qd,4.63,86
980,3,spotify.com,6YAbIZPjyQ5euHxyxUgRoQ,4.62,68
981,3,spotify.com,1jKvrkkZxtQ7ZDiXdITOis,4.61,59
982,3,spotify.com,6wwesePnJcOcTygPjfdy3e,4.60,35
983,3,spotify.com,5yLKf92Yd7S5pRJRo8fl13,4.59,71
984,3,spotify.com,2MWOqewf5j0qf2b6S5J6cS,4.58,86
985,3,spotify.com,2ffmPvnKZQqAOAEUo5Klpu,4.57,86
986,3,spotify.com,35OjTv3e5arNbGoCgfJ73Z,4.56,46
987,3,spotify.com,7F8JbSCPBXm3IxMx2UMMhH,4.53,33
988,3,spotify.com,6UxEOR3EzHo5YXzE1f12v9,4.52,66
989,3,spotify.com,2Vjiw3HXbTZ1MIvEfxlyr4,4.51,39
990,3,spotify.com,7z2Xur2O6Dy9mh8oSauXa2,4.50,59
991,3,spotify.com,7IRtnqwBAUDuOsIlUSlQ7h,4.49,69
992,3,spotify.com,1ZAhmC1We4HpL2VWK01qpC,4.48,61
993,3,spotify.com,6pB1MSK6zXn2Hi3P2lRjgP,4.47,18
994,3,spotify.com,6bsVfiqCFmdUJk0GtGd0R5,4.46,32
995,3,spotify.com,5p8zAoHB5nHgxoh7tJYvl7,4.45,61
996,3,spotify.com,4h2wAqBUu9jaTAdrLttSRh,4.44,70
997,3,spotify.com,2BDqAaVKzQDnoVPZbdp68D,4.43,44
998,3,spotify.com,4QjnpnbbD12xV42ErUAvpC,4.42,51
999,3,spotify.com,2lwwrWVKdf3LR9lbbhnr6R,4.41,70
1000,3,spotify.com,5wBB0bSW7UOPUqma2gi9TZ,4.40,40
1001,3,spotify.com,0rTZNOc6MUHU68agVQ672b,4.39,28
1002,3,spotify.com,6JgAyU08UosClSiJ7cPv01,4.38,68
1003,3,spotify.com,3KiTVEnTfi5DwiXszlDoVL,4.37,46
1004,3,spotify.com,7vB0ActOFfEECGvTklSHnJ,4.36,41
1005,3,spotify.com,3MOGQipKRxg9ZzaVl1U8B5,4.35,36
1006,3,spotify.com,07KHJvlYBeQVqrmifTEqEp,4.34,44
1007,3,spotify.com,37GzFUHxA4IWlNnaXnsfdR,4.33,50
1008,3,spotify.com,6kvrJTEUta8J7nYcZJZDsh,4.32,39
1009,3,spotify.com,7qQfI2F80t2MZcLLVuH6M2,4.31,57
1010,3,spotify.com,0v6Mi3f552jMW6dhYoKAbC,4.30,66
1011,3,spotify.com,1Cwsd5xI8CajJz795oy4XF,4.29,23
1012,3,spotify.com,2FKohjPUoqcCVDGQkKAOb5,4.28,84
1013,3,spotify.com,7IdznjcKCOWhydUH02Istz,4.27,63
1014,3,spotify.com,13o0DRf89gTEHrxL31Gh09,4.26,61
1015,3,spotify.com,0J87xSp2QvaYf7rmR0hMEJ,4.25,46
1016,3,spotify.com,2LTl1pU074hnzAdy0SpHAb,4.24,109
1017,3,spotify.com,53yNzLIyBjGt7DCZLKi8Ay,4.23,114
1018,3,spotify.com,34mVMU0haBu1EDZdocO3d3,4.21,46
1019,3,spotify.com,7ydK1QcHh5FS9QKC3DUzZz,4.20,11
1020,3,spotify.com,27y3abN1Y0uS0YpCsDhSI8,4.18,39
1021,3,spotify.com,56mTexepIt5poMZZ751oRk,4.16,33
1022,3,spotify.com,5EZgl8mOj4voJnnzHAjKKs,4.15,44
1023,3,spotify.com,0hRvPLwUWgaqVuUMRMzjrB,4.14,33
1024,3,spotify.com,6VG5va1NIUzcAcGvtY7Ccn,4.13,22
1025,3,spotify.com,5nHRIKsXDwUpse9gzrAxLR,4.12,45
1026,3,spotify.com,3t4i2ZrrPcIZLgK7VNqD36,4.11,78
1027,3,spotify.com,7EYR17bHR2ZkJ8o2mKSJDU,4.10,56
1028,3,spotify.com,1CRDfNPQbtCGcqeAAgBGdW,4.08,39
1029,3,spotify.com,2s2Ld1Xm7t88gSVvohNbPL,4.07,93
1030,3,spotify.com,1NhPKVLsHhFUHIOZ32QnS2,4.06,141
1031,3,spotify.com,46Ipw98xRZvU4VZH0DVGnh,4.05,77
1032,3,spotify.com,1Q7apbyCNuDbZbd618dLtT,4.04,66
1033,3,spotify.com,3mcG2NI5G5vhrQtRda1YnA,4.03,56
1034,3,spotify.com,1tKha6Q0lYlW1qsWYbZB2N,4.02,44
1035,3,spotify.com,7lJcj7F7GuDye26vYSk1bM,4.00,59
1036,3,spotify.com,2HD5BWFthrNf2uFyEhi53d,3.98,41
1037,3,spotify.com,7AeiEKLxELeuY343K7wJo7,3.97,66
1038,3,spotify.com,2RsTjad1nVUGrQmSoL1m8Y,3.96,50
1039,3,spotify.com,7qGr3rjRhndRIpFUA5f2HJ,3.93,28
1040,3,spotify.com,5eIDkDS3SNasv55ZQ7GHN2,3.92,20
1041,3,spotify.com,44HBcWA1jp22uKjKbwZd7Z,3.90,42
1042,3,spotify.com,1qfYG2JrchEyJiqKnkE7YQ,3.86,32
1043,3,spotify.com,2MKqIFvHseB2VZgpdQdKsu,3.85,37
1044,3,spotify.com,1RZKRHaNFoMelRo9m5Fg3a,3.84,79
1045,3,spotify.com,6zc7xLlx5rrEUgIuGa7DoR,3.83,66
1046,3,spotify.com,2eGHyarZyRvUgFI4d3G8GN,3.82,56
1047,3,spotify.com,2U7bhB1xvTrsO3v4rInXGn,3.81,58
1048,3,spotify.com,1dWimOlV5KUHDerWZVDv5l,3.80,26
1049,3,spotify.com,10ViidwjGLCfVtGPfdcszR,3.79,64
1050,3,spotify.com,6ysDdhGjIdcoBPdn3zXQOp,3.77,16
1051,3,spotify.com,7AJeM7Opf2HeQR1NKjeDsq,3.76,41
1052,3,spotify.com,3SfSYQLgcrGajPkU5EEr2E,3.75,23
1053,3,spotify.com,5RByQFt9Mlo8hDYJ921tCv,3.72,35
1054,3,spotify.com,4lszJlGQexVkAAN50Feo8b,3.71,48
1055,3,spotify.com,5WsSGr7QfriYlbs4TaT9qK,3.70,45
1056,3,spotify.com,5IFEYJg1Z3sAvyTWrs27jE,3.69,170
1057,3,spotify.com,3mwvKOyMmG77zZRunnxp9E,3.68,28
1058,3,spotify.com,0iTy5EHLi1dQwyJdg1L7Vj,3.67,30
1059,3,spotify.com,4QbpBv2ka7Zpbrrl5QFAgy,3.66,55
1060,3,spotify.com,754ItZlDygxhsbIl63dTkB,3.65,31
1061,3,spotify.com,5WPYvPKxwYOc06z5Py2x4k,3.64,41
1062,3,spotify.com,42hwjij0VmBP3ngqoTrmvl,3.63,51
1063,3,spotify.com,6Db8IlZ7YY1pfIjJllejyH,3.62,26
1064,3,spotify.com,01BlGnXpLuC0BjgUxVYZFb,3.60,33
1065,3,spotify.com,4qrdHmCfQWPkMKjkiUjzHF,3.59,139
1066,3,spotify.com,4BVpazLjBjjLSszUABDORS,3.58,25
1067,3,spotify.com,0cmmcjJiYYJnQG00bGSaT1,3.57,110
1068,3,spotify.com,24H5KPBdSvHQMRXTp12K3J,3.56,40
1069,3,spotify.com,7eEXXED3AUJErvOSx9quZV,3.54,34
1070,3,spotify.com,7m8PEWF1Qjo4BmcjEYsacr,3.52,38
1071,3,spotify.com,3U6XhQsfdx82SXfqGXaDo4,3.51,27
1072,3,spotify.com,20I8RduZC2PWMWTDCZuuAN,3.50,28
1073,3,spotify.com,3seDQjtuBa11Frg02eK9RJ,3.49,45
1074,3,spotify.com,7jKQ0EX9Tx1SIIHtoTlVjN,3.47,32
1075,3,spotify.com,21pySLskKIKrhDziCX5ojQ,3.43,23
1076,3,spotify.com,2LlQb7Uoj1kKyGhlkBf9aC,3.42,32
1077,3,spotify.com,5AiKsq5yODZxY12eykbDGV,3.41,12
1078,3,spotify.com,7968fxC9GmlqTiYRXT499O,3.39,52
1079,3,spotify.com,775moiHFrYKJf6QathlMAR,3.37,45
1080,3,spotify.com,1N1vNR8C8SfY0UoyhVXeWm,3.35,22
1081,3,spotify.com,46nH6n6CYIsz3qqam9qn4q,3.34,12
1082,3,spotify.com,5vYA1mW9g2Coh1HUFUSmlb,3.33,21
1083,3,spotify.com,3ZBSXNYdTZVaBUQI3E2rF6,3.32,16
1084,3,spotify.com,3jVt8zeBTu1D6uy6jdRZyQ,3.31,20
1085,3,spotify.com,1SMgZW8HYAtbdp6Lvv4UqS,3.29,15
1086,3,spotify.com,6pVPfozR3nsfk2vv9glidU,3.28,9
1087,3,spotify.com,78DAnFAmuBbekO4LeuhRkR,3.27,26
1088,3,spotify.com,05mQeUMvbi0UVWSUpy3xix,3.24,15
1089,3,spotify.com,7c7mi2a8VV2NWcZPWhsgCj,3.22,54
1090,3,spotify.com,2kbAFQ30mjhn1KulfJB7Vk,3.21,36
1091,3,spotify.com,0qbV4e18lWrTTxlswVoLbI,3.18,18
1092,3,spotify.com,3ywzBUkk3b616VzM4I5PzL,3.16,21
1093,3,spotify.com,063KUC8KY6hyfJqA1z17aN,3.15,8
1094,3,spotify.com,7D50nnDRmIkn3D9xnmhCXk,3.13,14
1095,3,spotify.com,2BOeCUehEgKBNBDW2wo6pd,3.12,20
1096,3,spotify.com,5A8Ut0GjFV7EDE8LKRmlBP,3.11,9
1097,3,spotify.com,2zzew7D5oaywXFtWchThQf,3.10,7
1098,4,spotify.com,5yLKf92Yd7S5pRJRo8fl13,5.00,216
1099,4,spotify.com,5IC6hMJ8twaEYLF0gMknMb,4.99,255
1100,4,spotify.com,2LTl1pU074hnzAdy0SpHAb,4.98,344
1101,4,spotify.com,4QjnpnbbD12xV42ErUAvpC,4.97,157
1102,4,spotify.com,6YAbIZPjyQ5euHxyxUgRoQ,4.96,224
1103,4,spotify.com,2TYC9SaRhYypUQzB1ZVTG2,4.94,380
1104,4,spotify.com,7IRtnqwBAUDuOsIlUSlQ7h,4.93,224
1105,4,spotify.com,3kVRKixPYEjrerKc0MZPdK,4.92,249
1106,4,spotify.com,3t4i2ZrrPcIZLgK7VNqD36,4.91,224
1107,4,spotify.com,44HBcWA1jp22uKjKbwZd7Z,4.90,141
1108,4,spotify.com,46Ipw98xRZvU4VZH0DVGnh,4.89,254
1109,4,spotify.com,39sUeHQoIGY6BEIcgTMRXW,4.88,145
1110,4,spotify.com,05UGuscco306NcBvGHVQ2h,4.87,260
1111,4,spotify.com,14UFeUG8RCx1XwSuGF9Tcs,4.86,235
1112,4,spotify.com,1ZAhmC1We4HpL2VWK01qpC,4.85,247
1113,4,spotify.com,0v6Mi3f552jMW6dhYoKAbC,4.84,235
1114,4,spotify.com,2UZ6MDDg3y5fTAzQU3YYfo,4.83,160
1115,4,spotify.com,7EYR17bHR2ZkJ8o2mKSJDU,4.81,139
1116,4,spotify.com,5oGvL6hJ70uNr3bMVA0iD6,4.79,127
1117,4,spotify.com,2s2Ld1Xm7t88gSVvohNbPL,4.78,293
1118,4,spotify.com,4VqPOruhp5EdPBeR92t6lQ,4.77,222
1119,4,spotify.com,3rLIv187BhjyweFe89SgLn,4.76,186
1120,4,spotify.com,2FKohjPUoqcCVDGQkKAOb5,4.75,315
1121,4,spotify.com,2ffmPvnKZQqAOAEUo5Klpu,4.74,280
1122,4,spotify.com,6zc7xLlx5rrEUgIuGa7DoR,4.73,180
1123,4,spotify.com,2RsTjad1nVUGrQmSoL1m8Y,4.72,151
1124,4,spotify.com,52TSjnEfXo40EzuylAhf6k,4.71,160
1125,4,spotify.com,4f9GGprVSQTTKHjGl5sjHo,4.70,198
1126,4,spotify.com,5UsLjwBaTHBX4ektWIr4XX,4.69,138
1127,4,spotify.com,0J87xSp2QvaYf7rmR0hMEJ,4.68,141
1128,4,spotify.com,6UxEOR3EzHo5YXzE1f12v9,4.67,225
1129,4,spotify.com,3kMrazSvILsgcwtidZd1Qd,4.66,255
1130,4,spotify.com,53yNzLIyBjGt7DCZLKi8Ay,4.65,335
1131,4,spotify.com,2BDqAaVKzQDnoVPZbdp68D,4.63,128
1132,4,spotify.com,7IdznjcKCOWhydUH02Istz,4.62,168
1133,4,spotify.com,4h2wAqBUu9jaTAdrLttSRh,4.61,214
1134,4,spotify.com,3CXZukNyVJUjLUYGA88F0a,4.60,187
1135,4,spotify.com,5EZgl8mOj4voJnnzHAjKKs,4.59,149
1136,4,spotify.com,2U7bhB1xvTrsO3v4rInXGn,4.58,198
1137,4,spotify.com,2lwwrWVKdf3LR9lbbhnr6R,4.57,267
1138,4,spotify.com,37GzFUHxA4IWlNnaXnsfdR,4.56,183
1139,4,spotify.com,7AJeM7Opf2HeQR1NKjeDsq,4.55,173
1140,4,spotify.com,7qQfI2F80t2MZcLLVuH6M2,4.54,192
1141,4,spotify.com,7lJcj7F7GuDye26vYSk1bM,4.53,171
1142,4,spotify.com,7z2Xur2O6Dy9mh8oSauXa2,4.52,148
1143,4,spotify.com,5p8zAoHB5nHgxoh7tJYvl7,4.51,220
1144,4,spotify.com,754ItZlDygxhsbIl63dTkB,4.49,100
1145,4,spotify.com,0mtofD9WrPMZKcfS7AV33a,4.47,98
1146,4,spotify.com,3IQSYqnKsCTMLWn2xE3HFT,4.46,117
1147,4,spotify.com,6JgAyU08UosClSiJ7cPv01,4.45,222
1148,4,spotify.com,6b2oQwSGFkzsMtQruIWm2p,4.44,292
1149,4,spotify.com,5azBtIfv3B6FTUQ5oUGIpl,4.42,108
1150,4,spotify.com,3U6XhQsfdx82SXfqGXaDo4,4.41,96
1151,4,spotify.com,1qoXbQvJOvCpaYbPGbmmPA,4.40,211
1152,4,spotify.com,5RByQFt9Mlo8hDYJ921tCv,4.39,107
1153,4,spotify.com,13o0DRf89gTEHrxL31Gh09,4.38,183
1154,4,spotify.com,35OjTv3e5arNbGoCgfJ73Z,4.37,129
1155,4,spotify.com,3YGg9SjRxud5aWsEjllwXZ,4.36,107
1156,4,spotify.com,1FmyQsaX4olWP8OOHzVT6c,4.35,141
1157,4,spotify.com,0NtGSJX4We9o957Bt9RLXn,4.34,98
1158,4,spotify.com,1NyFRrFiJAJIaR6icj1goI,4.33,121
1159,4,spotify.com,5dKBaysNJtfpyNTRa5lqDb,4.32,132
1160,4,spotify.com,0v1XpBHnsbkCn7iJ9Ucr1l,4.31,106
1161,4,spotify.com,2eGHyarZyRvUgFI4d3G8GN,4.30,197
1162,4,spotify.com,1tKha6Q0lYlW1qsWYbZB2N,4.29,169
1163,4,spotify.com,27y3abN1Y0uS0YpCsDhSI8,4.28,147
1164,4,spotify.com,1jKvrkkZxtQ7ZDiXdITOis,4.27,196
1165,4,spotify.com,7m9YdvqfDPenYsmUWxTjan,4.26,152
1166,4,spotify.com,2qPUnoasNe4Ep43emVXEig,4.25,235
1167,4,spotify.com,41QoUdwcmw2688WgMRLSYS,4.24,177
1168,4,spotify.com,3KiTVEnTfi5DwiXszlDoVL,4.23,137
1169,4,spotify.com,2MKqIFvHseB2VZgpdQdKsu,4.22,130
1170,4,spotify.com,5wBB0bSW7UOPUqma2gi9TZ,4.21,107
1171,4,spotify.com,0InFAWpnO2z5ZcO2zJUtIH,4.20,107
1172,4,spotify.com,0cmmcjJiYYJnQG00bGSaT1,4.19,280
1173,4,spotify.com,4ptSL1o2pRgNvrC4wsN1Pl,4.18,104
1174,4,spotify.com,1Q7apbyCNuDbZbd618dLtT,4.17,173
1175,4,spotify.com,3MOGQipKRxg9ZzaVl1U8B5,4.16,112
1176,4,spotify.com,42hwjij0VmBP3ngqoTrmvl,4.14,182
1177,4,spotify.com,7vB0ActOFfEECGvTklSHnJ,4.13,137
1178,4,spotify.com,1NhPKVLsHhFUHIOZ32QnS2,4.12,397
1179,4,spotify.com,0McuGBXkEVz9Yq5gui4A7c,4.10,94
1180,4,spotify.com,3seDQjtuBa11Frg02eK9RJ,4.09,148
1181,4,spotify.com,2MWOqewf5j0qf2b6S5J6cS,4.08,260
1182,4,spotify.com,0hRvPLwUWgaqVuUMRMzjrB,4.07,137
1183,4,spotify.com,775moiHFrYKJf6QathlMAR,4.06,136
1184,4,spotify.com,5rb9QrpfcKFHM1EUbSIurX,4.05,122
1185,4,spotify.com,6wwesePnJcOcTygPjfdy3e,4.04,109
1186,4,spotify.com,0It6VJoMAare1zdV2wxqZq,4.02,117
1187,4,spotify.com,1EwWw3c281sqKDh1OHENK6,4.00,86
1188,4,spotify.com,0H1OyEooZ5SzBYYdJEzxoy,3.99,125
1189,4,spotify.com,10ViidwjGLCfVtGPfdcszR,3.98,230
1190,4,spotify.com,7D0RhFcb3CrfPuTJ0obrod,3.97,66
1191,4,spotify.com,3mcG2NI5G5vhrQtRda1YnA,3.96,165
1192,4,spotify.com,5WPYvPKxwYOc06z5Py2x4k,3.94,145
1193,4,spotify.com,3e5rEt48191MwuHWBDwOcZ,3.93,140
1194,4,spotify.com,4QbpBv2ka7Zpbrrl5QFAgy,3.92,156
1195,4,spotify.com,1GcVa4jFySlun4jLSuMhiq,3.91,96
1196,4,spotify.com,1ExW9geJzAZZH0xzsWvCcw,3.90,133
1197,4,spotify.com,1U0mXbREaTeDN7alQ3D3RE,3.89,151
1198,4,spotify.com,6cMKNDMGMlLDi2F0VJ76ZU,3.88,114
1199,4,spotify.com,6kvrJTEUta8J7nYcZJZDsh,3.87,143
1200,4,spotify.com,2mxd6wnlVwLyfm03OurmED,3.86,105
1201,4,spotify.com,0umOKmb2xrgD9yutQHbCXz,3.85,107
1202,4,spotify.com,2kbAFQ30mjhn1KulfJB7Vk,3.82,123
1203,4,spotify.com,7eEXXED3AUJErvOSx9quZV,3.81,83
1204,4,spotify.com,0qNAiA1JEOPxcWP3KB4nsB,3.80,262
1205,4,spotify.com,20I8RduZC2PWMWTDCZuuAN,3.79,86
1206,4,spotify.com,3hsaYFaHStw2tJ47pEmYku,3.78,39
1207,4,spotify.com,01BlGnXpLuC0BjgUxVYZFb,3.77,84
1208,4,spotify.com,2N2yrmodOnVF10mKvItC9P,3.74,100
1209,4,spotify.com,2P6KbNc8moqMErji85XT2R,3.73,85
1210,4,spotify.com,1qfYG2JrchEyJiqKnkE7YQ,3.72,84
1211,4,spotify.com,24H5KPBdSvHQMRXTp12K3J,3.71,84
1212,4,spotify.com,2Vjiw3HXbTZ1MIvEfxlyr4,3.67,117
1213,4,spotify.com,7AeiEKLxELeuY343K7wJo7,3.66,161
1214,4,spotify.com,4lszJlGQexVkAAN50Feo8b,3.65,138
1215,4,spotify.com,51oGCkKff1Qu4WBX8Uuaby,3.63,60
1216,4,spotify.com,7KzhCmWutdZ0dV3Aklvdyg,3.62,58
1217,4,spotify.com,1CRDfNPQbtCGcqeAAgBGdW,3.60,95
1218,4,spotify.com,5MzjN4pg411OErJ1U2F3bj,3.59,83
1219,4,spotify.com,2HD5BWFthrNf2uFyEhi53d,3.58,137
1220,4,spotify.com,1RZKRHaNFoMelRo9m5Fg3a,3.56,229
1221,4,spotify.com,3ycGnE0xweEg4wxPaM1uVg,3.55,38
1222,4,spotify.com,5yROQPPwCufE2zjsv4FAmv,3.54,57
1223,4,spotify.com,56mTexepIt5poMZZ751oRk,3.52,109
1224,4,spotify.com,7968fxC9GmlqTiYRXT499O,3.51,135
1225,4,spotify.com,4BVpazLjBjjLSszUABDORS,3.50,104
1226,4,spotify.com,6AUqzNnQAPVEJkZ5KVOqpR,3.49,92
1227,4,spotify.com,12UklUdz4pjK9Q4irXuT8X,3.48,88
1228,4,spotify.com,4qrdHmCfQWPkMKjkiUjzHF,3.46,389
1229,4,spotify.com,5IFEYJg1Z3sAvyTWrs27jE,3.44,526
1230,4,spotify.com,0iTy5EHLi1dQwyJdg1L7Vj,3.43,57
1231,4,spotify.com,76eyuU9kWYDZj9ddOVaUvK,3.42,52
1232,4,spotify.com,7c7mi2a8VV2NWcZPWhsgCj,3.39,151
1233,4,spotify.com,5lytr54fOSmSkhAcvFpdGH,3.38,45
1234,4,spotify.com,4CLRLdxUDPNeO1xCW0U2zC,3.37,83
1235,4,spotify.com,0a6H4khB7nEbTH91L0Tpdk,3.35,69
1236,4,spotify.com,1Cwsd5xI8CajJz795oy4XF,3.33,82
1237,4,spotify.com,2UEB2ojL3ldVlt4I6BJYNI,3.32,55
1238,4,spotify.com,5WsSGr7QfriYlbs4TaT9qK,3.30,165
1239,4,spotify.com,7jKQ0EX9Tx1SIIHtoTlVjN,3.29,87
1240,4,spotify.com,22rkCRquWCsGYoFyQV6Uuu,3.28,62
1241,4,spotify.com,0C2eEsMBj78CLkHNJPjohc,3.26,77
1242,4,spotify.com,7p3eluZv7dxIArpFUTBkia,3.22,34
1243,4,spotify.com,3hZtCzZtVULcdJkln9pm3l,3.21,85
1244,4,spotify.com,70HxZbVnoyrfQ4dIWgcYMm,3.18,54
1245,4,spotify.com,0Fghw1Ky3HNSvj04EtPrnf,3.17,68
1246,4,spotify.com,5ByldMbp566mwY5P3M6LXH,3.15,26
1247,4,spotify.com,2BOeCUehEgKBNBDW2wo6pd,3.13,71
1248,4,spotify.com,4MrW9WyF2gWPSvPt4nYYV4,3.12,5
1249,4,spotify.com,5AiKsq5yODZxY12eykbDGV,3.10,43
1250,4,spotify.com,4XzxcPPwxCSEVn8qneqL3s,3.09,41
1251,4,spotify.com,25UqCiRMjP1xJ59ciqSin3,3.07,13
1252,4,spotify.com,7x4YXV9vpfqq8OuPNcn3cu,3.06,12
1253,4,spotify.com,7D50nnDRmIkn3D9xnmhCXk,3.05,50
1254,4,spotify.com,0lbcZq4CItnajRmqwnCq16,3.04,44
1255,4,spotify.com,7GFKaNVQ2bovzkp7DG4GeA,3.02,35
1256,5,spotify.com,3hsaYFaHStw2tJ47pEmYku,5.00,5
1257,5,spotify.com,5WPYvPKxwYOc06z5Py2x4k,4.98,17
1258,5,spotify.com,4CLRLdxUDPNeO1xCW0U2zC,4.97,9
1259,5,spotify.com,10ViidwjGLCfVtGPfdcszR,4.96,27
1260,5,spotify.com,6b2oQwSGFkzsMtQruIWm2p,4.94,24
1261,5,spotify.com,05UGuscco306NcBvGHVQ2h,4.92,16
1262,5,spotify.com,2TYC9SaRhYypUQzB1ZVTG2,4.90,37
1263,5,spotify.com,2UZ6MDDg3y5fTAzQU3YYfo,4.89,17
1264,5,spotify.com,6YAbIZPjyQ5euHxyxUgRoQ,4.87,20
1265,5,spotify.com,37GzFUHxA4IWlNnaXnsfdR,4.86,20
1266,5,spotify.com,5p8zAoHB5nHgxoh7tJYvl7,4.85,29
1267,5,spotify.com,7IRtnqwBAUDuOsIlUSlQ7h,4.84,27
1268,5,spotify.com,2lwwrWVKdf3LR9lbbhnr6R,4.82,22
1269,5,spotify.com,39sUeHQoIGY6BEIcgTMRXW,4.81,16
1270,5,spotify.com,5IC6hMJ8twaEYLF0gMknMb,4.80,29
1271,5,spotify.com,1tKha6Q0lYlW1qsWYbZB2N,4.79,19
1272,5,spotify.com,3t4i2ZrrPcIZLgK7VNqD36,4.78,29
1273,5,spotify.com,6HNruFQlzQx4ulL4ppRLYI,4.77,18
1274,5,spotify.com,3MOGQipKRxg9ZzaVl1U8B5,4.76,20
1275,5,spotify.com,2ffmPvnKZQqAOAEUo5Klpu,4.75,27
1276,5,spotify.com,5UsLjwBaTHBX4ektWIr4XX,4.74,18
1277,5,spotify.com,1CZOrmHUUjeDP7N2B4Ba6S,4.73,16
1278,5,spotify.com,3KiTVEnTfi5DwiXszlDoVL,4.72,19
1279,5,spotify.com,3e5rEt48191MwuHWBDwOcZ,4.71,20
1280,5,spotify.com,1Q7apbyCNuDbZbd618dLtT,4.70,14
1281,5,spotify.com,3mcG2NI5G5vhrQtRda1YnA,4.69,14
1282,5,spotify.com,4jd1gY9Viqlh7Tte0Ip5Vr,4.68,7
1283,5,spotify.com,7qQfI2F80t2MZcLLVuH6M2,4.66,15
1284,5,spotify.com,2s2Ld1Xm7t88gSVvohNbPL,4.65,30
1285,5,spotify.com,53yNzLIyBjGt7DCZLKi8Ay,4.64,27
1286,5,spotify.com,6JgAyU08UosClSiJ7cPv01,4.62,23
1287,5,spotify.com,1ExW9geJzAZZH0xzsWvCcw,4.61,9
1288,5,spotify.com,0PMgaQFz7F8gvbLJheLXPj,4.60,13
1289,5,spotify.com,2MKqIFvHseB2VZgpdQdKsu,4.59,11
1290,5,spotify.com,2kbAFQ30mjhn1KulfJB7Vk,4.58,17
1291,5,spotify.com,3rLIv187BhjyweFe89SgLn,4.57,22
1292,5,spotify.com,1jKvrkkZxtQ7ZDiXdITOis,4.56,20
1293,5,spotify.com,7IdznjcKCOWhydUH02Istz,4.54,19
1294,5,spotify.com,2P6KbNc8moqMErji85XT2R,4.53,7
1295,5,spotify.com,4VqPOruhp5EdPBeR92t6lQ,4.51,19
1296,5,spotify.com,6zc7xLlx5rrEUgIuGa7DoR,4.50,15
1297,5,spotify.com,1mBmd558ZnPKZx7Xk51oEa,4.49,8
1298,5,spotify.com,1NhPKVLsHhFUHIOZ32QnS2,4.48,42
1299,5,spotify.com,5AiKsq5yODZxY12eykbDGV,4.47,9
1300,5,spotify.com,1wravFoUJgPNQWtDC5v6bV,4.46,9
1301,5,spotify.com,27y3abN1Y0uS0YpCsDhSI8,4.45,8
1302,5,spotify.com,1qoXbQvJOvCpaYbPGbmmPA,4.43,16
1303,5,spotify.com,1NyFRrFiJAJIaR6icj1goI,4.42,16
1304,5,spotify.com,4An0hbjs1THl9cQprYrN6G,4.41,6
1305,5,spotify.com,3kVRKixPYEjrerKc0MZPdK,4.40,20
1306,5,spotify.com,5wBB0bSW7UOPUqma2gi9TZ,4.39,13
1307,5,spotify.com,7EYR17bHR2ZkJ8o2mKSJDU,4.38,17
1308,5,spotify.com,4BVpazLjBjjLSszUABDORS,4.37,11
1309,5,spotify.com,52TSjnEfXo40EzuylAhf6k,4.36,17
1310,5,spotify.com,3iSws76HjaU7k49EqJVTfF,4.35,5
1311,5,spotify.com,0QNEpZItf08faxrEJ3NVEI,4.34,5
1312,5,spotify.com,3seDQjtuBa11Frg02eK9RJ,4.31,19
1313,5,spotify.com,0v6Mi3f552jMW6dhYoKAbC,4.30,28
1314,5,spotify.com,0ADZ5dmXhlfzjMw6lefoPl,4.28,10
1315,5,spotify.com,0C2eEsMBj78CLkHNJPjohc,4.27,8
1316,5,spotify.com,0rTZNOc6MUHU68agVQ672b,4.26,8
1317,5,spotify.com,1ZAhmC1We4HpL2VWK01qpC,4.24,21
1318,5,spotify.com,3CXZukNyVJUjLUYGA88F0a,4.23,21
1319,5,spotify.com,6AUqzNnQAPVEJkZ5KVOqpR,4.22,12
1320,5,spotify.com,4QjnpnbbD12xV42ErUAvpC,4.21,14
1321,5,spotify.com,0qNAiA1JEOPxcWP3KB4nsB,4.19,24
1322,5,spotify.com,32W9KwY5uRMKJTShqloOjc,4.18,5
1323,5,spotify.com,7GFKaNVQ2bovzkp7DG4GeA,4.17,5
1324,5,spotify.com,1Tja3miBbbENpqIOAqGWXa,4.16,5
1325,5,spotify.com,2FKohjPUoqcCVDGQkKAOb5,4.13,31
1326,5,spotify.com,2Vjiw3HXbTZ1MIvEfxlyr4,4.12,14
1327,5,spotify.com,4qrdHmCfQWPkMKjkiUjzHF,4.10,34
1328,5,spotify.com,0cmmcjJiYYJnQG00bGSaT1,4.07,27
1329,5,spotify.com,2MWOqewf5j0qf2b6S5J6cS,4.06,23
1330,5,spotify.com,42hwjij0VmBP3ngqoTrmvl,4.05,18
1331,5,spotify.com,2LTl1pU074hnzAdy0SpHAb,4.04,34
1332,5,spotify.com,7lJcj7F7GuDye26vYSk1bM,4.03,16
1333,5,spotify.com,2BDqAaVKzQDnoVPZbdp68D,4.02,14
1334,5,spotify.com,5yLKf92Yd7S5pRJRo8fl13,4.01,20
1335,5,spotify.com,3kMrazSvILsgcwtidZd1Qd,3.99,29
1336,5,spotify.com,46Ipw98xRZvU4VZH0DVGnh,3.97,24
1337,5,spotify.com,4h2wAqBUu9jaTAdrLttSRh,3.96,16
1338,5,spotify.com,0hRvPLwUWgaqVuUMRMzjrB,3.95,16
1339,5,spotify.com,13o0DRf89gTEHrxL31Gh09,3.94,17
1340,5,spotify.com,0J87xSp2QvaYf7rmR0hMEJ,3.93,15
1341,5,spotify.com,0Fghw1Ky3HNSvj04EtPrnf,3.92,7
1342,5,spotify.com,4QbpBv2ka7Zpbrrl5QFAgy,3.91,13
1343,5,spotify.com,14UFeUG8RCx1XwSuGF9Tcs,3.89,30
1344,5,spotify.com,5IFEYJg1Z3sAvyTWrs27jE,3.86,53
1345,5,spotify.com,5oGvL6hJ70uNr3bMVA0iD6,3.85,19
1346,5,spotify.com,7vB0ActOFfEECGvTklSHnJ,3.84,14
1347,5,spotify.com,4f9GGprVSQTTKHjGl5sjHo,3.83,16
1348,5,spotify.com,0umOKmb2xrgD9yutQHbCXz,3.82,10
1349,5,spotify.com,2LlQb7Uoj1kKyGhlkBf9aC,3.81,8
1350,5,spotify.com,1U0mXbREaTeDN7alQ3D3RE,3.79,17
1351,5,spotify.com,5A8Ut0GjFV7EDE8LKRmlBP,3.78,5
1352,5,spotify.com,0OX8fPNunv1PXI6lKGz1p4,3.77,5
1353,5,spotify.com,7c7mi2a8VV2NWcZPWhsgCj,3.76,14
1354,5,spotify.com,2qPUnoasNe4Ep43emVXEig,3.75,21
1355,5,spotify.com,5lF6250MCp8WRW6TgA0NvJ,3.74,11
1356,5,spotify.com,7AeiEKLxELeuY343K7wJo7,3.73,13
1357,5,spotify.com,3hZtCzZtVULcdJkln9pm3l,3.72,10
1358,5,spotify.com,1RZKRHaNFoMelRo9m5Fg3a,3.71,14
1359,5,spotify.com,4B6BzjDSurNtids9TU4jdE,3.70,9
1360,5,spotify.com,6vGJoO0FwVEB98ekNIqYw3,3.69,6
1361,5,spotify.com,05mQeUMvbi0UVWSUpy3xix,3.67,6
1362,5,spotify.com,5eIDkDS3SNasv55ZQ7GHN2,3.66,5
1363,5,spotify.com,72aCha2Meq7txnk451hz7k,3.65,5
1364,5,spotify.com,7eEXXED3AUJErvOSx9quZV,3.64,13
1365,5,spotify.com,3ycGnE0xweEg4wxPaM1uVg,3.63,5
1366,5,spotify.com,5gTTQf7enQdpHKd0mHLHOU,3.60,10
1367,5,spotify.com,1CRDfNPQbtCGcqeAAgBGdW,3.59,7
1368,5,spotify.com,4vayH6VTzFiV8aMY5xEDIV,3.58,8
1369,5,spotify.com,7968fxC9GmlqTiYRXT499O,3.56,15
1370,5,spotify.com,0IRiQ5wUbtpt6Pgk5JxlWJ,3.54,8
1371,5,spotify.com,5yROQPPwCufE2zjsv4FAmv,3.52,6
1372,5,spotify.com,6kopmMZiyLmw7h66uXcXR7,3.51,6
1373,5,spotify.com,5WsSGr7QfriYlbs4TaT9qK,3.50,15
1374,5,spotify.com,6IUiqtI8tE49sqGbmtrNd8,3.49,9
1375,5,spotify.com,5EZgl8mOj4voJnnzHAjKKs,3.48,15
1376,5,spotify.com,51oGCkKff1Qu4WBX8Uuaby,3.47,7
1377,5,spotify.com,7jKQ0EX9Tx1SIIHtoTlVjN,3.46,12
1378,5,spotify.com,0a6H4khB7nEbTH91L0Tpdk,3.44,7
1379,5,spotify.com,1qfYG2JrchEyJiqKnkE7YQ,3.43,8
1380,6,spotify.com,2FKohjPUoqcCVDGQkKAOb5,5.00,205
1381,6,spotify.com,6UxEOR3EzHo5YXzE1f12v9,4.98,118
1382,6,spotify.com,37GzFUHxA4IWlNnaXnsfdR,4.97,100
1383,6,spotify.com,53yNzLIyBjGt7DCZLKi8Ay,4.96,191
1384,6,spotify.com,6YAbIZPjyQ5euHxyxUgRoQ,4.95,133
1385,6,spotify.com,3kVRKixPYEjrerKc0MZPdK,4.94,129
1386,6,spotify.com,1ExW9geJzAZZH0xzsWvCcw,4.93,86
1387,6,spotify.com,42hwjij0VmBP3ngqoTrmvl,4.91,93
1388,6,spotify.com,1ZAhmC1We4HpL2VWK01qpC,4.89,137
1389,6,spotify.com,3CXZukNyVJUjLUYGA88F0a,4.88,107
1390,6,spotify.com,7m9YdvqfDPenYsmUWxTjan,4.87,100
1391,6,spotify.com,26nr9XnFCYWxBTIP7HyWXg,4.86,73
1392,6,spotify.com,1U0mXbREaTeDN7alQ3D3RE,4.85,98
1393,6,spotify.com,52TSjnEfXo40EzuylAhf6k,4.84,76
1394,6,spotify.com,5rb9QrpfcKFHM1EUbSIurX,4.83,78
1395,6,spotify.com,5TPQ8OjeTBLztJEHhJ5RLe,4.81,58
1396,6,spotify.com,05UGuscco306NcBvGHVQ2h,4.80,128
1397,6,spotify.com,5dKBaysNJtfpyNTRa5lqDb,4.79,105
1398,6,spotify.com,7lJcj7F7GuDye26vYSk1bM,4.78,93
1399,6,spotify.com,0mtofD9WrPMZKcfS7AV33a,4.76,59
1400,6,spotify.com,2s2Ld1Xm7t88gSVvohNbPL,4.75,200
1401,6,spotify.com,3seDQjtuBa11Frg02eK9RJ,4.74,95
1402,6,spotify.com,4f9GGprVSQTTKHjGl5sjHo,4.73,116
1403,6,spotify.com,2LTl1pU074hnzAdy0SpHAb,4.72,194
1404,6,spotify.com,0v6Mi3f552jMW6dhYoKAbC,4.71,140
1405,6,spotify.com,4h2wAqBUu9jaTAdrLttSRh,4.70,116
1406,6,spotify.com,35OjTv3e5arNbGoCgfJ73Z,4.68,97
1407,6,spotify.com,39sUeHQoIGY6BEIcgTMRXW,4.67,106
1408,6,spotify.com,5nHRIKsXDwUpse9gzrAxLR,4.66,74
1409,6,spotify.com,4ptSL1o2pRgNvrC4wsN1Pl,4.65,74
1410,6,spotify.com,2qPUnoasNe4Ep43emVXEig,4.64,142
1411,6,spotify.com,0mWiuXuLAJ3Brin3Or2x6v,4.63,77
1412,6,spotify.com,1tKha6Q0lYlW1qsWYbZB2N,4.62,97
1413,6,spotify.com,6zc7xLlx5rrEUgIuGa7DoR,4.61,130
1414,6,spotify.com,754ItZlDygxhsbIl63dTkB,4.59,66
1415,6,spotify.com,5EZgl8mOj4voJnnzHAjKKs,4.57,87
1416,6,spotify.com,5IC6hMJ8twaEYLF0gMknMb,4.56,162
1417,6,spotify.com,2MKqIFvHseB2VZgpdQdKsu,4.55,92
1418,6,spotify.com,5yLKf92Yd7S5pRJRo8fl13,4.54,121
1419,6,spotify.com,3kMrazSvILsgcwtidZd1Qd,4.53,185
1420,6,spotify.com,7qQfI2F80t2MZcLLVuH6M2,4.52,94
1421,6,spotify.com,34mVMU0haBu1EDZdocO3d3,4.51,79
1422,6,spotify.com,2TYC9SaRhYypUQzB1ZVTG2,4.50,202
1423,6,spotify.com,3e5rEt48191MwuHWBDwOcZ,4.49,96
1424,6,spotify.com,0J87xSp2QvaYf7rmR0hMEJ,4.48,78
1425,6,spotify.com,44HBcWA1jp22uKjKbwZd7Z,4.46,88
1426,6,spotify.com,1Q7apbyCNuDbZbd618dLtT,4.45,113
1427,6,spotify.com,7z2Xur2O6Dy9mh8oSauXa2,4.44,100
1428,6,spotify.com,13o0DRf89gTEHrxL31Gh09,4.43,105
1429,6,spotify.com,2MWOqewf5j0qf2b6S5J6cS,4.42,133
1430,6,spotify.com,4QbpBv2ka7Zpbrrl5QFAgy,4.40,96
1431,6,spotify.com,3mcG2NI5G5vhrQtRda1YnA,4.39,99
1432,6,spotify.com,6b2oQwSGFkzsMtQruIWm2p,4.37,164
1433,6,spotify.com,1FmyQsaX4olWP8OOHzVT6c,4.36,79
1434,6,spotify.com,5WPYvPKxwYOc06z5Py2x4k,4.35,84
1435,6,spotify.com,4VqPOruhp5EdPBeR92t6lQ,4.34,117
1436,6,spotify.com,7IRtnqwBAUDuOsIlUSlQ7h,4.33,151
1437,6,spotify.com,5UsLjwBaTHBX4ektWIr4XX,4.32,81
1438,6,spotify.com,6HNruFQlzQx4ulL4ppRLYI,4.31,82
1439,6,spotify.com,60D6xokLERFpsLMW6RwIKy,4.30,60
1440,6,spotify.com,4VQu1ooCteGDynSZYUgvT4,4.29,75
1441,6,spotify.com,6kvrJTEUta8J7nYcZJZDsh,4.28,102
1442,6,spotify.com,0BzYCJdtP00Xk8btIrAonU,4.27,52
1443,6,spotify.com,0H1OyEooZ5SzBYYdJEzxoy,4.26,68
1444,6,spotify.com,18L0aBuAUkQCCvpMpqRD22,4.25,51
1445,6,spotify.com,4BVpazLjBjjLSszUABDORS,4.24,48
1446,6,spotify.com,2ffmPvnKZQqAOAEUo5Klpu,4.23,150
1447,6,spotify.com,3t4i2ZrrPcIZLgK7VNqD36,4.22,146
1448,6,spotify.com,1NhPKVLsHhFUHIOZ32QnS2,4.21,259
1449,6,spotify.com,4nAsykHmK2N7clWhaxNKlg,4.20,47
1450,6,spotify.com,2eGHyarZyRvUgFI4d3G8GN,4.19,105
1451,6,spotify.com,4QjnpnbbD12xV42ErUAvpC,4.17,96
1452,6,spotify.com,0NtGSJX4We9o957Bt9RLXn,4.16,65
1453,6,spotify.com,6cMKNDMGMlLDi2F0VJ76ZU,4.15,80
1454,6,spotify.com,2RsTjad1nVUGrQmSoL1m8Y,4.14,100
1455,6,spotify.com,1qfYG2JrchEyJiqKnkE7YQ,4.13,56
1456,6,spotify.com,7AeiEKLxELeuY343K7wJo7,4.12,106
1457,6,spotify.com,3MOGQipKRxg9ZzaVl1U8B5,4.11,80
1458,6,spotify.com,1qoXbQvJOvCpaYbPGbmmPA,4.10,118
1459,6,spotify.com,7vB0ActOFfEECGvTklSHnJ,4.09,79
1460,6,spotify.com,0InFAWpnO2z5ZcO2zJUtIH,4.07,81
1461,6,spotify.com,7EYR17bHR2ZkJ8o2mKSJDU,4.06,110
1462,6,spotify.com,14UFeUG8RCx1XwSuGF9Tcs,4.05,128
1463,6,spotify.com,0cmmcjJiYYJnQG00bGSaT1,4.04,173
1464,6,spotify.com,6JgAyU08UosClSiJ7cPv01,4.03,128
1465,6,spotify.com,4B6BzjDSurNtids9TU4jdE,4.02,47
1466,6,spotify.com,6wwesePnJcOcTygPjfdy3e,4.00,61
1467,6,spotify.com,2lwwrWVKdf3LR9lbbhnr6R,3.99,143
1468,6,spotify.com,3KiTVEnTfi5DwiXszlDoVL,3.98,75
1469,6,spotify.com,3rLIv187BhjyweFe89SgLn,3.97,101
1470,6,spotify.com,10ViidwjGLCfVtGPfdcszR,3.95,138
1471,6,spotify.com,2mxd6wnlVwLyfm03OurmED,3.94,63
1472,6,spotify.com,46Ipw98xRZvU4VZH0DVGnh,3.93,134
1473,6,spotify.com,0v1XpBHnsbkCn7iJ9Ucr1l,3.92,81
1474,6,spotify.com,1NyFRrFiJAJIaR6icj1goI,3.90,89
1475,6,spotify.com,4lszJlGQexVkAAN50Feo8b,3.89,74
1476,6,spotify.com,2BDqAaVKzQDnoVPZbdp68D,3.88,87
1477,6,spotify.com,7jKQ0EX9Tx1SIIHtoTlVjN,3.86,59
1478,6,spotify.com,07KHJvlYBeQVqrmifTEqEp,3.85,71
1479,6,spotify.com,6pB1MSK6zXn2Hi3P2lRjgP,3.83,33
1480,6,spotify.com,0hRvPLwUWgaqVuUMRMzjrB,3.82,79
1481,6,spotify.com,2U7bhB1xvTrsO3v4rInXGn,3.79,95
1482,6,spotify.com,5eIDkDS3SNasv55ZQ7GHN2,3.77,40
1483,6,spotify.com,41QoUdwcmw2688WgMRLSYS,3.76,90
1484,6,spotify.com,7IdznjcKCOWhydUH02Istz,3.75,117
1485,6,spotify.com,5MzjN4pg411OErJ1U2F3bj,3.74,57
1486,6,spotify.com,5p8zAoHB5nHgxoh7tJYvl7,3.73,136
1487,6,spotify.com,7AJeM7Opf2HeQR1NKjeDsq,3.71,85
1488,6,spotify.com,0PMgaQFz7F8gvbLJheLXPj,3.69,52
1489,6,spotify.com,2Vjiw3HXbTZ1MIvEfxlyr4,3.68,74
1490,6,spotify.com,7qGr3rjRhndRIpFUA5f2HJ,3.67,51
1491,6,spotify.com,7mMlbJlXXo2mRtQ4R9sIzD,3.66,56
1492,6,spotify.com,775moiHFrYKJf6QathlMAR,3.65,83
1493,6,spotify.com,2UZ6MDDg3y5fTAzQU3YYfo,3.64,91
1494,6,spotify.com,5b6CdmdsSwlvctqpk37Vji,3.63,59
1495,6,spotify.com,0qNAiA1JEOPxcWP3KB4nsB,3.61,162
1496,6,spotify.com,3TLX0Z7t8X3Xc1oAXZ8O4z,3.60,32
1497,6,spotify.com,12UklUdz4pjK9Q4irXuT8X,3.59,50
1498,6,spotify.com,5RByQFt9Mlo8hDYJ921tCv,3.57,69
1499,6,spotify.com,56mTexepIt5poMZZ751oRk,3.56,71
1500,6,spotify.com,4FXQEnR9uRWot8SlMP9Ocw,3.55,34
1501,6,spotify.com,70HxZbVnoyrfQ4dIWgcYMm,3.54,37
1502,6,spotify.com,5wBB0bSW7UOPUqma2gi9TZ,3.53,68
1503,6,spotify.com,24H5KPBdSvHQMRXTp12K3J,3.52,59
1504,6,spotify.com,5BP0oaQ1VhuaznT77CBXQp,3.51,56
1505,6,spotify.com,2THkQauDWMvJgXFGPY4iKB,3.50,38
1506,6,spotify.com,5WsSGr7QfriYlbs4TaT9qK,3.49,96
1507,6,spotify.com,03FlTlqfp8fNQfXrvcZFk8,3.48,70
1508,6,spotify.com,1jKvrkkZxtQ7ZDiXdITOis,3.46,113
1509,6,spotify.com,2N2yrmodOnVF10mKvItC9P,3.44,61
1510,6,spotify.com,4YYHgF9dWyVSor0GtrBzdf,3.41,56
1511,6,spotify.com,1Cwsd5xI8CajJz795oy4XF,3.40,41
1512,6,spotify.com,7eEXXED3AUJErvOSx9quZV,3.39,86
1513,6,spotify.com,1RZKRHaNFoMelRo9m5Fg3a,3.35,157
1514,6,spotify.com,2kbAFQ30mjhn1KulfJB7Vk,3.33,69
1515,6,spotify.com,5IFEYJg1Z3sAvyTWrs27jE,3.31,330
1516,6,spotify.com,2iaCwsy9HDIVPczJJZ7mSe,3.30,33
1517,6,spotify.com,1CRDfNPQbtCGcqeAAgBGdW,3.28,66
1518,6,spotify.com,2LlQb7Uoj1kKyGhlkBf9aC,3.27,38
1519,6,spotify.com,4qrdHmCfQWPkMKjkiUjzHF,3.26,259
1520,6,spotify.com,3L6lk7MH6V8h0npuiD0qIt,3.25,13
1521,6,spotify.com,7968fxC9GmlqTiYRXT499O,3.24,96
1522,6,spotify.com,2HD5BWFthrNf2uFyEhi53d,3.20,102
1523,6,spotify.com,7c7mi2a8VV2NWcZPWhsgCj,3.19,110
1524,6,spotify.com,59WVntWmghQXfST8TZRUW9,3.18,31
1525,6,spotify.com,5AiKsq5yODZxY12eykbDGV,3.17,34
1526,6,spotify.com,3ZBSXNYdTZVaBUQI3E2rF6,3.14,23
1527,6,spotify.com,7D50nnDRmIkn3D9xnmhCXk,3.13,34
1528,6,spotify.com,51oGCkKff1Qu4WBX8Uuaby,3.11,34
1529,6,spotify.com,22rkCRquWCsGYoFyQV6Uuu,3.09,39
1530,6,spotify.com,0iTy5EHLi1dQwyJdg1L7Vj,3.07,40
1531,6,spotify.com,2KjpWqvSKoQh0XIAywplWn,3.06,25
1532,6,spotify.com,0vCl9uq6iALWMM9yZArcoD,3.05,11
1533,6,spotify.com,3hZtCzZtVULcdJkln9pm3l,3.04,61
1534,6,spotify.com,5PA8Hmk8Iah53tMzxxrznn,3.02,11
1535,6,spotify.com,0rc2I4DYGDnbluUF1e770e,3.01,11
1536,7,spotify.com,2MWOqewf5j0qf2b6S5J6cS,4.98,12
1537,7,spotify.com,5oGvL6hJ70uNr3bMVA0iD6,4.97,8
1538,7,spotify.com,7IRtnqwBAUDuOsIlUSlQ7h,4.96,8
1539,7,spotify.com,2FKohjPUoqcCVDGQkKAOb5,4.94,10
1540,7,spotify.com,2LTl1pU074hnzAdy0SpHAb,4.93,13
1541,7,spotify.com,1NhPKVLsHhFUHIOZ32QnS2,4.92,14
1542,7,spotify.com,01c2KAb4JOB4uchgl3C1y0,4.91,5
1543,7,spotify.com,46Ipw98xRZvU4VZH0DVGnh,4.90,10
1544,7,spotify.com,1U0mXbREaTeDN7alQ3D3RE,4.89,6
1545,7,spotify.com,2ffmPvnKZQqAOAEUo5Klpu,4.88,11
1546,7,spotify.com,2s2Ld1Xm7t88gSVvohNbPL,4.87,10
1547,7,spotify.com,3kMrazSvILsgcwtidZd1Qd,4.86,9
1548,7,spotify.com,6YAbIZPjyQ5euHxyxUgRoQ,4.85,9
1549,7,spotify.com,3rLIv187BhjyweFe89SgLn,4.83,7
1550,7,spotify.com,6UxEOR3EzHo5YXzE1f12v9,4.82,7
1551,7,spotify.com,4QbpBv2ka7Zpbrrl5QFAgy,4.81,7
1552,7,spotify.com,5p8zAoHB5nHgxoh7tJYvl7,4.80,8
1553,7,spotify.com,5IC6hMJ8twaEYLF0gMknMb,4.79,8
1554,7,spotify.com,1CRDfNPQbtCGcqeAAgBGdW,4.78,6
1555,7,spotify.com,01BlGnXpLuC0BjgUxVYZFb,4.77,6
1556,7,spotify.com,7z2Xur2O6Dy9mh8oSauXa2,4.76,6
1557,7,spotify.com,3KiTVEnTfi5DwiXszlDoVL,4.74,5
1558,7,spotify.com,53yNzLIyBjGt7DCZLKi8Ay,4.73,7
1559,7,spotify.com,6JgAyU08UosClSiJ7cPv01,4.72,6
1560,7,spotify.com,5dKBaysNJtfpyNTRa5lqDb,4.71,6
1561,7,spotify.com,14UFeUG8RCx1XwSuGF9Tcs,4.70,5
1562,7,spotify.com,10ViidwjGLCfVtGPfdcszR,4.69,10
1563,7,spotify.com,37GzFUHxA4IWlNnaXnsfdR,4.68,10
1564,7,spotify.com,4QjnpnbbD12xV42ErUAvpC,4.67,7
1565,7,spotify.com,0cmmcjJiYYJnQG00bGSaT1,4.66,12
1566,7,spotify.com,2eGHyarZyRvUgFI4d3G8GN,4.65,5
1567,7,spotify.com,5WsSGr7QfriYlbs4TaT9qK,4.64,8
1568,7,spotify.com,7IdznjcKCOWhydUH02Istz,4.63,8
1569,7,spotify.com,2qPUnoasNe4Ep43emVXEig,4.62,10
1570,7,spotify.com,2TYC9SaRhYypUQzB1ZVTG2,4.61,7
1571,7,spotify.com,2lwwrWVKdf3LR9lbbhnr6R,4.60,8
1572,7,spotify.com,13o0DRf89gTEHrxL31Gh09,4.58,7
1573,7,spotify.com,6zc7xLlx5rrEUgIuGa7DoR,4.57,7
1574,7,spotify.com,52TSjnEfXo40EzuylAhf6k,4.56,7
1575,7,spotify.com,4h2wAqBUu9jaTAdrLttSRh,4.55,7
1576,7,spotify.com,0qNAiA1JEOPxcWP3KB4nsB,4.54,6
1577,7,spotify.com,35OjTv3e5arNbGoCgfJ73Z,4.52,6
1578,7,spotify.com,4VqPOruhp5EdPBeR92t6lQ,4.51,6
1579,7,spotify.com,42hwjij0VmBP3ngqoTrmvl,4.50,7
1580,7,spotify.com,7lJcj7F7GuDye26vYSk1bM,4.49,11
1581,7,spotify.com,6b2oQwSGFkzsMtQruIWm2p,4.48,11
1582,7,spotify.com,4VQu1ooCteGDynSZYUgvT4,4.47,5
1583,7,spotify.com,5IFEYJg1Z3sAvyTWrs27jE,4.46,15
1584,7,spotify.com,6kvrJTEUta8J7nYcZJZDsh,4.45,8
1585,7,spotify.com,5wBB0bSW7UOPUqma2gi9TZ,4.41,7
1586,7,spotify.com,4qrdHmCfQWPkMKjkiUjzHF,4.39,12
1587,7,spotify.com,1RZKRHaNFoMelRo9m5Fg3a,4.38,10
1588,7,spotify.com,5WPYvPKxwYOc06z5Py2x4k,4.34,6
1589,8,spotify.com,38yNO4vxCC5YDB2orOwGpu,5.00,62
1590,8,spotify.com,2FKohjPUoqcCVDGQkKAOb5,4.98,471
1591,8,spotify.com,53yNzLIyBjGt7DCZLKi8Ay,4.97,557
1592,8,spotify.com,6YAbIZPjyQ5euHxyxUgRoQ,4.96,376
1593,8,spotify.com,3kVRKixPYEjrerKc0MZPdK,4.95,327
1594,8,spotify.com,5UsLjwBaTHBX4ektWIr4XX,4.94,234
1595,8,spotify.com,2TYC9SaRhYypUQzB1ZVTG2,4.93,560
1596,8,spotify.com,3t4i2ZrrPcIZLgK7VNqD36,4.92,396
1597,8,spotify.com,34mVMU0haBu1EDZdocO3d3,4.91,218
1598,8,spotify.com,2s2Ld1Xm7t88gSVvohNbPL,4.90,470
1599,8,spotify.com,3kMrazSvILsgcwtidZd1Qd,4.89,435
1600,8,spotify.com,0v6Mi3f552jMW6dhYoKAbC,4.88,353
1601,8,spotify.com,2BDqAaVKzQDnoVPZbdp68D,4.87,209
1602,8,spotify.com,13o0DRf89gTEHrxL31Gh09,4.86,283
1603,8,spotify.com,05UGuscco306NcBvGHVQ2h,4.85,374
1604,8,spotify.com,39sUeHQoIGY6BEIcgTMRXW,4.84,252
1605,8,spotify.com,6zc7xLlx5rrEUgIuGa7DoR,4.83,316
1606,8,spotify.com,0J87xSp2QvaYf7rmR0hMEJ,4.82,249
1607,8,spotify.com,4QjnpnbbD12xV42ErUAvpC,4.81,262
1608,8,spotify.com,3KiTVEnTfi5DwiXszlDoVL,4.80,223
1609,8,spotify.com,4VqPOruhp5EdPBeR92t6lQ,4.79,344
1610,8,spotify.com,44HBcWA1jp22uKjKbwZd7Z,4.78,238
1611,8,spotify.com,14UFeUG8RCx1XwSuGF9Tcs,4.76,365
1612,8,spotify.com,0It6VJoMAare1zdV2wxqZq,4.75,192
1613,8,spotify.com,2UZ6MDDg3y5fTAzQU3YYfo,4.74,239
1614,8,spotify.com,2lwwrWVKdf3LR9lbbhnr6R,4.73,375
1615,8,spotify.com,4f9GGprVSQTTKHjGl5sjHo,4.71,302
1616,8,spotify.com,2qPUnoasNe4Ep43emVXEig,4.70,388
1617,8,spotify.com,5yLKf92Yd7S5pRJRo8fl13,4.69,364
1618,8,spotify.com,2LTl1pU074hnzAdy0SpHAb,4.68,538
1619,8,spotify.com,1FmyQsaX4olWP8OOHzVT6c,4.67,201
1620,8,spotify.com,5IC6hMJ8twaEYLF0gMknMb,4.66,417
1621,8,spotify.com,1ZAhmC1We4HpL2VWK01qpC,4.65,375
1622,8,spotify.com,7lJcj7F7GuDye26vYSk1bM,4.64,301
1623,8,spotify.com,7z2Xur2O6Dy9mh8oSauXa2,4.63,265
1624,8,spotify.com,7f9e0xIl1s4O1odwkD0fpu,4.62,185
1625,8,spotify.com,6JgAyU08UosClSiJ7cPv01,4.61,366
1626,8,spotify.com,7EYR17bHR2ZkJ8o2mKSJDU,4.60,254
1627,8,spotify.com,3seDQjtuBa11Frg02eK9RJ,4.58,236
1628,8,spotify.com,4h2wAqBUu9jaTAdrLttSRh,4.57,356
1629,8,spotify.com,4VQu1ooCteGDynSZYUgvT4,4.56,175
1630,8,spotify.com,2ffmPvnKZQqAOAEUo5Klpu,4.55,393
1631,8,spotify.com,37GzFUHxA4IWlNnaXnsfdR,4.54,282
1632,8,spotify.com,46Ipw98xRZvU4VZH0DVGnh,4.52,408
1633,8,spotify.com,3YGg9SjRxud5aWsEjllwXZ,4.51,189
1634,8,spotify.com,6UxEOR3EzHo5YXzE1f12v9,4.50,336
1635,8,spotify.com,1jKvrkkZxtQ7ZDiXdITOis,4.49,284
1636,8,spotify.com,3CXZukNyVJUjLUYGA88F0a,4.48,291
1637,8,spotify.com,6HNruFQlzQx4ulL4ppRLYI,4.47,216
1638,8,spotify.com,0NtGSJX4We9o957Bt9RLXn,4.46,172
1639,8,spotify.com,5p8zAoHB5nHgxoh7tJYvl7,4.45,363
1640,8,spotify.com,3MOGQipKRxg9ZzaVl1U8B5,4.44,209
1641,8,spotify.com,1qoXbQvJOvCpaYbPGbmmPA,4.43,306
1642,8,spotify.com,2MWOqewf5j0qf2b6S5J6cS,4.42,362
1643,8,spotify.com,52TSjnEfXo40EzuylAhf6k,4.41,242
1644,8,spotify.com,7AJeM7Opf2HeQR1NKjeDsq,4.40,255
1645,8,spotify.com,6b2oQwSGFkzsMtQruIWm2p,4.38,475
1646,8,spotify.com,0rTZNOc6MUHU68agVQ672b,4.37,164
1647,8,spotify.com,7m9YdvqfDPenYsmUWxTjan,4.35,247
1648,8,spotify.com,0H1OyEooZ5SzBYYdJEzxoy,4.34,205
1649,8,spotify.com,3rLIv187BhjyweFe89SgLn,4.33,275
1650,8,spotify.com,0v1XpBHnsbkCn7iJ9Ucr1l,4.32,204
1651,8,spotify.com,7IRtnqwBAUDuOsIlUSlQ7h,4.31,373
1652,8,spotify.com,3mcG2NI5G5vhrQtRda1YnA,4.30,273
1653,8,spotify.com,1U0mXbREaTeDN7alQ3D3RE,4.29,201
1654,8,spotify.com,5dKBaysNJtfpyNTRa5lqDb,4.28,230
1655,8,spotify.com,7qQfI2F80t2MZcLLVuH6M2,4.27,283
1656,8,spotify.com,7IdznjcKCOWhydUH02Istz,4.26,288
1657,8,spotify.com,5oidljiMjeJTWUGZ4TfFea,4.25,153
1658,8,spotify.com,2RsTjad1nVUGrQmSoL1m8Y,4.24,226
1659,8,spotify.com,1tKha6Q0lYlW1qsWYbZB2N,4.22,278
1660,8,spotify.com,4wzjNqjKAKDU82e8uMhzmr,4.21,133
1661,8,spotify.com,2MKqIFvHseB2VZgpdQdKsu,4.19,231
1662,8,spotify.com,3IQSYqnKsCTMLWn2xE3HFT,4.17,168
1663,8,spotify.com,6kvrJTEUta8J7nYcZJZDsh,4.16,269
1664,8,spotify.com,6wwesePnJcOcTygPjfdy3e,4.15,154
1665,8,spotify.com,1ExW9geJzAZZH0xzsWvCcw,4.14,226
1666,8,spotify.com,07KHJvlYBeQVqrmifTEqEp,4.13,191
1667,8,spotify.com,4xkOaSrkexMciUUogZKVTS,4.12,173
1668,8,spotify.com,42hwjij0VmBP3ngqoTrmvl,4.11,255
1669,8,spotify.com,6cMKNDMGMlLDi2F0VJ76ZU,4.10,182
1670,8,spotify.com,3PdiRnD8aIC3ljfqMhq93B,4.09,192
1671,8,spotify.com,754ItZlDygxhsbIl63dTkB,4.08,162
1672,8,spotify.com,5nHRIKsXDwUpse9gzrAxLR,4.07,175
1673,8,spotify.com,10ViidwjGLCfVtGPfdcszR,4.06,357
1674,8,spotify.com,5EZgl8mOj4voJnnzHAjKKs,4.05,245
1675,8,spotify.com,1NhPKVLsHhFUHIOZ32QnS2,4.04,643
1676,8,spotify.com,03FlTlqfp8fNQfXrvcZFk8,4.03,155
1677,8,spotify.com,41QoUdwcmw2688WgMRLSYS,4.02,276
1678,8,spotify.com,2eGHyarZyRvUgFI4d3G8GN,4.01,291
1679,8,spotify.com,0hRvPLwUWgaqVuUMRMzjrB,4.00,195
1680,8,spotify.com,60D6xokLERFpsLMW6RwIKy,3.98,148
1681,8,spotify.com,6dpIxqrlAzqXE9fNobR4N8,3.94,168
1682,8,spotify.com,4B6BzjDSurNtids9TU4jdE,3.93,107
1683,8,spotify.com,0umOKmb2xrgD9yutQHbCXz,3.92,154
1684,8,spotify.com,1Q7apbyCNuDbZbd618dLtT,3.91,287
1685,8,spotify.com,3mwvKOyMmG77zZRunnxp9E,3.90,147
1686,8,spotify.com,7cX4PJz1old9fyFI8RlfgW,3.89,167
1687,8,spotify.com,0w4ZwKHHEkXtvHMNUjFPdB,3.88,165
1688,8,spotify.com,27y3abN1Y0uS0YpCsDhSI8,3.86,181
1689,8,spotify.com,5oGvL6hJ70uNr3bMVA0iD6,3.85,187
1690,8,spotify.com,3U6XhQsfdx82SXfqGXaDo4,3.84,125
1691,8,spotify.com,0PMgaQFz7F8gvbLJheLXPj,3.82,128
1692,8,spotify.com,2U7bhB1xvTrsO3v4rInXGn,3.81,245
1693,8,spotify.com,35OjTv3e5arNbGoCgfJ73Z,3.80,239
1694,8,spotify.com,1dWimOlV5KUHDerWZVDv5l,3.79,149
1695,8,spotify.com,7vB0ActOFfEECGvTklSHnJ,3.78,187
1696,8,spotify.com,2N2yrmodOnVF10mKvItC9P,3.77,167
1697,8,spotify.com,1OEoNpiyqBghuEUaT6Je6U,3.76,136
1698,8,spotify.com,4lszJlGQexVkAAN50Feo8b,3.75,194
1699,8,spotify.com,3e5rEt48191MwuHWBDwOcZ,3.72,227
1700,8,spotify.com,56mTexepIt5poMZZ751oRk,3.70,153
1701,8,spotify.com,0qNAiA1JEOPxcWP3KB4nsB,3.69,426
1702,8,spotify.com,0cmmcjJiYYJnQG00bGSaT1,3.68,464
1703,8,spotify.com,0InFAWpnO2z5ZcO2zJUtIH,3.66,206
1704,8,spotify.com,2eoVXXCe2Uryug9QiXH0RI,3.65,106
1705,8,spotify.com,7eEXXED3AUJErvOSx9quZV,3.64,180
1706,8,spotify.com,0Fghw1Ky3HNSvj04EtPrnf,3.62,109
1707,8,spotify.com,775moiHFrYKJf6QathlMAR,3.61,217
1708,8,spotify.com,7968fxC9GmlqTiYRXT499O,3.60,236
1709,8,spotify.com,7AeiEKLxELeuY343K7wJo7,3.59,242
1710,8,spotify.com,5HIEn4CY0aQ4kTZp8h2v42,3.58,117
1711,8,spotify.com,24H5KPBdSvHQMRXTp12K3J,3.57,153
1712,8,spotify.com,5MzjN4pg411OErJ1U2F3bj,3.56,123
1713,8,spotify.com,4BVpazLjBjjLSszUABDORS,3.55,171
1714,8,spotify.com,1ng36571Iyov4HBxUClySn,3.53,41
1715,8,spotify.com,5b6CdmdsSwlvctqpk37Vji,3.52,123
1716,8,spotify.com,1qfYG2JrchEyJiqKnkE7YQ,3.50,137
1717,8,spotify.com,4QbpBv2ka7Zpbrrl5QFAgy,3.49,270
1718,8,spotify.com,2Vjiw3HXbTZ1MIvEfxlyr4,3.48,190
1719,8,spotify.com,1RZKRHaNFoMelRo9m5Fg3a,3.47,406
1720,8,spotify.com,1NyFRrFiJAJIaR6icj1goI,3.46,182
1721,8,spotify.com,2mxd6wnlVwLyfm03OurmED,3.45,155
1722,8,spotify.com,5WPYvPKxwYOc06z5Py2x4k,3.44,220
1723,8,spotify.com,2HD5BWFthrNf2uFyEhi53d,3.43,260
1724,8,spotify.com,5wBB0bSW7UOPUqma2gi9TZ,3.42,188
1725,8,spotify.com,1CRDfNPQbtCGcqeAAgBGdW,3.39,170
1726,8,spotify.com,5IFEYJg1Z3sAvyTWrs27jE,3.38,841
1727,8,spotify.com,2P6KbNc8moqMErji85XT2R,3.35,130
1728,8,spotify.com,2kbAFQ30mjhn1KulfJB7Vk,3.33,181
1729,8,spotify.com,1EwWw3c281sqKDh1OHENK6,3.32,128
1730,8,spotify.com,7D50nnDRmIkn3D9xnmhCXk,3.28,77
1731,8,spotify.com,7KzhCmWutdZ0dV3Aklvdyg,3.26,93
1732,8,spotify.com,12UklUdz4pjK9Q4irXuT8X,3.25,107
1733,8,spotify.com,5eIDkDS3SNasv55ZQ7GHN2,3.24,98
1734,8,spotify.com,4qrdHmCfQWPkMKjkiUjzHF,3.22,622
1735,8,spotify.com,7qGr3rjRhndRIpFUA5f2HJ,3.21,100
1736,8,spotify.com,2THkQauDWMvJgXFGPY4iKB,3.17,85
1737,8,spotify.com,7jKQ0EX9Tx1SIIHtoTlVjN,3.16,133
1738,8,spotify.com,5WsSGr7QfriYlbs4TaT9qK,3.15,249
1739,8,spotify.com,78DAnFAmuBbekO4LeuhRkR,3.14,114
1740,8,spotify.com,3hZtCzZtVULcdJkln9pm3l,3.13,124
1741,8,spotify.com,2BOeCUehEgKBNBDW2wo6pd,3.12,110
1742,8,spotify.com,1I1afpV3etz8gz3ZvCk2gj,3.10,21
1743,8,spotify.com,7c7mi2a8VV2NWcZPWhsgCj,3.08,242
1744,8,spotify.com,0iTy5EHLi1dQwyJdg1L7Vj,3.07,101
1745,8,spotify.com,2UEB2ojL3ldVlt4I6BJYNI,3.06,93
1746,8,spotify.com,21FFj5GqlujABc0H06uN8j,3.03,33
1747,8,spotify.com,6pB1MSK6zXn2Hi3P2lRjgP,3.02,56
1748,9,spotify.com,5yLKf92Yd7S5pRJRo8fl13,4.99,87
1749,9,spotify.com,34mVMU0haBu1EDZdocO3d3,4.98,56
1750,9,spotify.com,7lJcj7F7GuDye26vYSk1bM,4.97,65
1751,9,spotify.com,37GzFUHxA4IWlNnaXnsfdR,4.96,85
1752,9,spotify.com,2TYC9SaRhYypUQzB1ZVTG2,4.95,156
1753,9,spotify.com,6b2oQwSGFkzsMtQruIWm2p,4.94,106
1754,9,spotify.com,3kVRKixPYEjrerKc0MZPdK,4.93,78
1755,9,spotify.com,2FKohjPUoqcCVDGQkKAOb5,4.92,133
1756,9,spotify.com,3kMrazSvILsgcwtidZd1Qd,4.91,120
1757,9,spotify.com,7z2Xur2O6Dy9mh8oSauXa2,4.90,64
1758,9,spotify.com,2ffmPvnKZQqAOAEUo5Klpu,4.88,103
1759,9,spotify.com,05UGuscco306NcBvGHVQ2h,4.87,87
1760,9,spotify.com,4h2wAqBUu9jaTAdrLttSRh,4.86,92
1761,9,spotify.com,5Rp86QRLQz1RP5eiSAoDx5,4.85,7
1762,9,spotify.com,2UZ6MDDg3y5fTAzQU3YYfo,4.84,49
1763,9,spotify.com,6JgAyU08UosClSiJ7cPv01,4.83,92
1764,9,spotify.com,7IRtnqwBAUDuOsIlUSlQ7h,4.82,101
1765,9,spotify.com,4f9GGprVSQTTKHjGl5sjHo,4.81,71
1766,9,spotify.com,2BDqAaVKzQDnoVPZbdp68D,4.80,61
1767,9,spotify.com,7eEXXED3AUJErvOSx9quZV,4.78,42
1768,9,spotify.com,1tKha6Q0lYlW1qsWYbZB2N,4.76,70
1769,9,spotify.com,13o0DRf89gTEHrxL31Gh09,4.75,73
1770,9,spotify.com,39sUeHQoIGY6BEIcgTMRXW,4.73,64
1771,9,spotify.com,5IC6hMJ8twaEYLF0gMknMb,4.72,98
1772,9,spotify.com,3t4i2ZrrPcIZLgK7VNqD36,4.71,99
1773,9,spotify.com,7qQfI2F80t2MZcLLVuH6M2,4.70,78
1774,9,spotify.com,07KHJvlYBeQVqrmifTEqEp,4.69,56
1775,9,spotify.com,2LTl1pU074hnzAdy0SpHAb,4.68,134
1776,9,spotify.com,1qfYG2JrchEyJiqKnkE7YQ,4.67,39
1777,9,spotify.com,53yNzLIyBjGt7DCZLKi8Ay,4.66,151
1778,9,spotify.com,4QjnpnbbD12xV42ErUAvpC,4.65,57
1779,9,spotify.com,2eGHyarZyRvUgFI4d3G8GN,4.64,69
1780,9,spotify.com,2U7bhB1xvTrsO3v4rInXGn,4.63,70
1781,9,spotify.com,1CZOrmHUUjeDP7N2B4Ba6S,4.62,38
1782,9,spotify.com,3mcG2NI5G5vhrQtRda1YnA,4.61,63
1783,9,spotify.com,6UxEOR3EzHo5YXzE1f12v9,4.60,101
1784,9,spotify.com,7AJeM7Opf2HeQR1NKjeDsq,4.59,83
1785,9,spotify.com,0K6GsFLI8po7s9GOuid5tN,4.58,45
1786,9,spotify.com,0v6Mi3f552jMW6dhYoKAbC,4.56,89
1787,9,spotify.com,7cX4PJz1old9fyFI8RlfgW,4.55,40
1788,9,spotify.com,2qPUnoasNe4Ep43emVXEig,4.54,105
1789,9,spotify.com,6zc7xLlx5rrEUgIuGa7DoR,4.52,74
1790,9,spotify.com,3CXZukNyVJUjLUYGA88F0a,4.51,72
1791,9,spotify.com,1jKvrkkZxtQ7ZDiXdITOis,4.50,59
1792,9,spotify.com,3MOGQipKRxg9ZzaVl1U8B5,4.49,59
1793,9,spotify.com,1Q7apbyCNuDbZbd618dLtT,4.47,58
1794,9,spotify.com,7EYR17bHR2ZkJ8o2mKSJDU,4.46,77
1795,9,spotify.com,0cmmcjJiYYJnQG00bGSaT1,4.45,126
1796,9,spotify.com,5MzjN4pg411OErJ1U2F3bj,4.44,33
1797,9,spotify.com,7IdznjcKCOWhydUH02Istz,4.43,62
1798,9,spotify.com,5oGvL6hJ70uNr3bMVA0iD6,4.42,59
1799,9,spotify.com,5TPQ8OjeTBLztJEHhJ5RLe,4.41,37
1800,9,spotify.com,20I8RduZC2PWMWTDCZuuAN,4.40,36
1801,9,spotify.com,0J87xSp2QvaYf7rmR0hMEJ,4.39,56
1802,9,spotify.com,5eIDkDS3SNasv55ZQ7GHN2,4.38,33
1803,9,spotify.com,0It6VJoMAare1zdV2wxqZq,4.37,62
1804,9,spotify.com,6cMKNDMGMlLDi2F0VJ76ZU,4.36,56
1805,9,spotify.com,42hwjij0VmBP3ngqoTrmvl,4.35,74
1806,9,spotify.com,6YAbIZPjyQ5euHxyxUgRoQ,4.34,91
1807,9,spotify.com,3rLIv187BhjyweFe89SgLn,4.33,77
1808,9,spotify.com,56mTexepIt5poMZZ751oRk,4.32,48
1809,9,spotify.com,6kvrJTEUta8J7nYcZJZDsh,4.30,76
1810,9,spotify.com,2s2Ld1Xm7t88gSVvohNbPL,4.29,137
1811,9,spotify.com,5wBB0bSW7UOPUqma2gi9TZ,4.28,46
1812,9,spotify.com,7jKQ0EX9Tx1SIIHtoTlVjN,4.27,45
1813,9,spotify.com,754ItZlDygxhsbIl63dTkB,4.25,49
1814,9,spotify.com,6AUqzNnQAPVEJkZ5KVOqpR,4.22,47
1815,9,spotify.com,2MWOqewf5j0qf2b6S5J6cS,4.21,115
1816,9,spotify.com,3hZtCzZtVULcdJkln9pm3l,4.20,46
1817,9,spotify.com,4VQu1ooCteGDynSZYUgvT4,4.19,50
1818,9,spotify.com,52TSjnEfXo40EzuylAhf6k,4.18,64
1819,9,spotify.com,4E6cwWJWZw2zWf7VFbH7wf,4.17,24
1820,9,spotify.com,5rb9QrpfcKFHM1EUbSIurX,4.16,48
1821,9,spotify.com,4CLRLdxUDPNeO1xCW0U2zC,4.14,33
1822,9,spotify.com,1qoXbQvJOvCpaYbPGbmmPA,4.13,88
1823,9,spotify.com,3e5rEt48191MwuHWBDwOcZ,4.10,68
1824,9,spotify.com,5oidljiMjeJTWUGZ4TfFea,4.09,47
1825,9,spotify.com,46Ipw98xRZvU4VZH0DVGnh,4.07,109
1826,9,spotify.com,4VqPOruhp5EdPBeR92t6lQ,4.05,96
1827,9,spotify.com,5p8zAoHB5nHgxoh7tJYvl7,4.04,97
1828,9,spotify.com,5UsLjwBaTHBX4ektWIr4XX,4.03,41
1829,9,spotify.com,41QoUdwcmw2688WgMRLSYS,4.02,82
1830,9,spotify.com,0InFAWpnO2z5ZcO2zJUtIH,4.01,52
1831,9,spotify.com,14UFeUG8RCx1XwSuGF9Tcs,4.00,103
1832,9,spotify.com,1FmyQsaX4olWP8OOHzVT6c,3.99,48
1833,9,spotify.com,4qrdHmCfQWPkMKjkiUjzHF,3.98,179
1834,9,spotify.com,1RZKRHaNFoMelRo9m5Fg3a,3.97,101
1835,9,spotify.com,0umOKmb2xrgD9yutQHbCXz,3.96,42
1836,9,spotify.com,1ZAhmC1We4HpL2VWK01qpC,3.95,99
1837,9,spotify.com,3seDQjtuBa11Frg02eK9RJ,3.94,75
1838,9,spotify.com,1NyFRrFiJAJIaR6icj1goI,3.93,58
1839,9,spotify.com,2lwwrWVKdf3LR9lbbhnr6R,3.91,102
1840,9,spotify.com,1U0mXbREaTeDN7alQ3D3RE,3.90,63
1841,9,spotify.com,4QbpBv2ka7Zpbrrl5QFAgy,3.89,71
1842,9,spotify.com,1NhPKVLsHhFUHIOZ32QnS2,3.88,185
1843,9,spotify.com,35OjTv3e5arNbGoCgfJ73Z,3.87,59
1844,9,spotify.com,1Jc3tGa11ITNgph0yewlqn,3.86,11
1845,9,spotify.com,3mwvKOyMmG77zZRunnxp9E,3.84,45
1846,9,spotify.com,01BlGnXpLuC0BjgUxVYZFb,3.83,48
1847,9,spotify.com,7968fxC9GmlqTiYRXT499O,3.82,58
1848,9,spotify.com,2eoVXXCe2Uryug9QiXH0RI,3.78,30
1849,9,spotify.com,5BHfKRD3LTxFz1tX8AH0DN,3.77,42
1850,9,spotify.com,6kopmMZiyLmw7h66uXcXR7,3.76,29
1851,9,spotify.com,4vayH6VTzFiV8aMY5xEDIV,3.75,38
1852,9,spotify.com,0iTy5EHLi1dQwyJdg1L7Vj,3.73,32
1853,9,spotify.com,0H1OyEooZ5SzBYYdJEzxoy,3.72,54
1854,9,spotify.com,2P6KbNc8moqMErji85XT2R,3.71,37
1855,9,spotify.com,0qNAiA1JEOPxcWP3KB4nsB,3.70,121
1856,9,spotify.com,10ViidwjGLCfVtGPfdcszR,3.69,100
1857,9,spotify.com,7ETIpeMVkmcTyCNUrm4arS,3.68,34
1858,9,spotify.com,0PMgaQFz7F8gvbLJheLXPj,3.67,45
1859,9,spotify.com,2Vjiw3HXbTZ1MIvEfxlyr4,3.66,62
1860,9,spotify.com,2kbAFQ30mjhn1KulfJB7Vk,3.64,52
1861,9,spotify.com,6wwesePnJcOcTygPjfdy3e,3.63,47
1862,9,spotify.com,1lloY2uDHW8QU98TNGFe8J,3.61,40
1863,9,spotify.com,32Ky5QCRtwYJJXuLwoGufj,3.60,10
1864,9,spotify.com,6JGO8j6O20vBJex4sn0dPt,3.59,5
1865,9,spotify.com,3SfSYQLgcrGajPkU5EEr2E,3.58,26
1866,9,spotify.com,4B6BzjDSurNtids9TU4jdE,3.57,26
1867,9,spotify.com,7AeiEKLxELeuY343K7wJo7,3.56,65
1868,9,spotify.com,5WPYvPKxwYOc06z5Py2x4k,3.55,70
1869,9,spotify.com,0lbcZq4CItnajRmqwnCq16,3.54,18
1870,9,spotify.com,0qbV4e18lWrTTxlswVoLbI,3.52,29
1871,9,spotify.com,2HD5BWFthrNf2uFyEhi53d,3.50,66
1872,9,spotify.com,0hRvPLwUWgaqVuUMRMzjrB,3.47,52
1873,9,spotify.com,2BOeCUehEgKBNBDW2wo6pd,3.45,38
1874,9,spotify.com,5IFEYJg1Z3sAvyTWrs27jE,3.43,247
1875,9,spotify.com,4lszJlGQexVkAAN50Feo8b,3.42,51
1876,9,spotify.com,5gTTQf7enQdpHKd0mHLHOU,3.41,39
1877,9,spotify.com,5b6CdmdsSwlvctqpk37Vji,3.39,36
1878,9,spotify.com,7KzhCmWutdZ0dV3Aklvdyg,3.37,30
1879,9,spotify.com,5WsSGr7QfriYlbs4TaT9qK,3.35,78
1880,9,spotify.com,4BVpazLjBjjLSszUABDORS,3.34,33
1881,9,spotify.com,52RcZBcx9M0XGM0oNAsuj3,3.33,11
1882,9,spotify.com,775moiHFrYKJf6QathlMAR,3.30,52
1883,9,spotify.com,1CRDfNPQbtCGcqeAAgBGdW,3.29,45
1884,9,spotify.com,3ycGnE0xweEg4wxPaM1uVg,3.28,24
1885,9,spotify.com,24H5KPBdSvHQMRXTp12K3J,3.26,46
1886,9,spotify.com,26AYR77170U49cMcXB7aRV,3.25,25
1887,9,spotify.com,2UEB2ojL3ldVlt4I6BJYNI,3.24,26
1888,9,spotify.com,7c7mi2a8VV2NWcZPWhsgCj,3.23,72
1889,9,spotify.com,1mBmd558ZnPKZx7Xk51oEa,3.21,23
1890,9,spotify.com,7D50nnDRmIkn3D9xnmhCXk,3.20,25
1891,9,spotify.com,2N2yrmodOnVF10mKvItC9P,3.19,40
1892,9,spotify.com,3ZBSXNYdTZVaBUQI3E2rF6,3.16,22
1893,9,spotify.com,67pbkCFr16VVeFoQgnEzGu,3.15,11
1894,9,spotify.com,2QR031rbpH1YTMpRFvMafw,3.11,23
1895,9,spotify.com,21FFj5GqlujABc0H06uN8j,3.08,13
1896,9,spotify.com,3hsaYFaHStw2tJ47pEmYku,3.07,16
